Bug ID,Bigrams
576714.0,"['affected versions', 'mina apache', 'apache org', 'sshd commit', 'org sshd']"
517250.0,"['team approval', 'ip team', 'material release', 'cgi id', 'require ip']"
538671.0,"['please create', 'concurrency utilities', 'eclipse project']"
527762.0,"['id payload', 'script alert', 'alert script', 'item id', 'created attachment']"
539770.0,"['accept cookies', 'via http', 'anonymously via', 'asked exactly', 'connect anonymously']"
543311.0,['login page']
523546.0,[]
520810.0,[]
511072.0,"['repo eclipse', 'response console', 'due response', 'builds fail', 'upload artefacts']"
563091.0,"['jdk hotspot', 'hotspot latest', 'use jdk', 'pipeline builds', 'vm option']"
564131.0,"['multiple failures', 'subsequent builds', 'gerrit gerrit']"
576924.0,"['bad gateway', 'gateway nginx', 'gives bad']"
528219.0,"['tycho soon', 'deprecated soon']"
512383.0,"['files opened', 'another workspace', 'electron orion', 'one workspace', 'user switch']"
513426.0,"['please see', 'installed via', 'repo please', 'git repo', 'see mediawiki']"
518675.0,"['master f', 'origin master', 'b master', 'open checkout', 'remote add']"
519731.0,['merge patches']
521520.0,"['file ide', 'created attachment', 'ide splash', 'main screen', 'log file']"
525760.0,"['menu item', 'eclipse oxygen', 'oxygen release', 'created attachment', 'unavailable menu']"
528946.0,"['x report', 'r x', 'os x', 'x sm', 'task libjvm']"
535400.0,"['new target', 'target milestones']"
535535.0,"['websites work', 'ci eclipse', 'eclipse org']"
536453.0,"['example job', 'job gerrit']"
538294.0,"['c gerrit', 'gerrit jobs', 'yesterday c', 'since yesterday']"
540162.0,"['south germany', 'france south', 'dev html', 'issues dev', 'project issues']"
540943.0,"['status shows', 'dead offline', 'shows dead']"
544627.0,"['get digital', 'please let', 'operations processes', 'processes due', 'internal operations']"
547834.0,"['java net', 'search button', 'changes fails', 'connection reset', 'com jcraft']"
558452.0,"['connection connect', 'archive content', 'gmt content', 'connect int', 'connection get']"
559013.0,[]
560504.0,"['uninitialized uninitialized', 'integer uninitialized', 'public static', 'static void', 'table full']"
561799.0,"['node log', 'eclipse org', 'execution node', 'view builds', 'build execution']"
562301.0,"['also pushing', 'inserting change', 'pushing changes', 'since yesterday', '„ internal']"
566038.0,"['lib dyld', 'usr lib', 'version code', 'code type', 'lib libobjc']"
569348.0,"['chrome friendly', 'error occurred', 'occurred error', 'responding error', 'error message']"
569941.0,"['final boolean', 'code unable', 'variable final', 'true string', 'following code']"
572140.0,"['offline blocking', 'bundles job', 'create source', 'source bundles']"
573871.0,"['terminal freeze', 'new eclipse', 'tm terminal', 'created attachment', 'attachment tm']"
577553.0,"['last successful', 'build since', 'successful build', 'executor see']"
511005.0,[]
513421.0,"['byte tag', 'immediately abort', 'unexpected byte', 'abort transformation']"
514328.0,"['workspace location', 'default workspace', 'location without', 'workspace selection', 'sdk start']"
517433.0,"['shell etc', 'etc init', 'hudson jgit', 'completed output', 'restart hudson']"
526739.0,"['eclipse pdt', 'php files', 'opening php', 'files using', 'pdt outline']"
526986.0,"['reported defect', 'eclipse support']"
528809.0,"['authority invalid', 'created attachment', 'cert authority', 'private attackers', 'attachment browser']"
537604.0,"['blogs set', 'blogged today']"
537910.0,"['resolve module', 'ffi byref', 'arch product', 'byref version', 'linux arch']"
545514.0,"['teh web', 'pi png', 'installer pi', 'users can´t', 'eclipse pu']"
549278.0,"['created attachment', 'attachment screencast', 'parameter mining', 'mining information']"
550391.0,"['release r', 'pub eclipse', 'url pub', 'downloads release', 'r zip']"
553660.0,"['eclipse crashed', 'quite often', 'attachment err', 'created attachment', 'view changed']"
559509.0,[]
559834.0,"['returning null', 'console returning', 'system console']"
559944.0,"['protocol module', 'git simply', 'git protocol', 'protocol git', 'failing protocol']"
560515.0,['unusable slow']
563866.0,"['static methods', 'collect multimap', 'multimap string', 'com google', 'common collect']"
564308.0,['marketplace website']
565756.0,[]
567925.0,"['regular file', 'file search', 'yields matches', 'see screenshot', 'search yields']"
572240.0,"['rule could', 'could result', 'given java', 'code given', 'lines foobar']"
573145.0,"['created attachment', 'onerror alert', 'attack cheers', 'img src', 'src x']"
575141.0,"['though x', 'always though', 'eclipse crashes', 'happen always', 'dump eclipse']"
510271.0,"['provider connector', 'connector svnkit', 'team provider', 'working copy', 'copy since']"
514504.0,"['characters enabled', 'choose theme', 'see right', 'else see', 'bar dissapeared']"
517625.0,"['release retention', 'retention policy', 'milestones must', 'kept available']"
518222.0,"['frame parameters', 'official eclipse', 'full frame', 'frame request', 'low frame']"
519752.0,[]
522061.0,"['c program', 'enclosing instance', 'program files', 'created attachment', 'available due']"
525988.0,"['ant build', 'longer possible', 'docs property', 'mkdir dir', 'dir mkdir']"
526032.0,"['fatal error', 'runtime environment', 'could provide', 'following using', 'using photon']"
526690.0,"['application slow', 'created attachment', 'blocking different', 'process making', 'different process']"
531773.0,"['pull example', 'ip validation', 'pull requests', 'example pr', 'collections pull']"
531998.0,"['apache batik', 'use apache', 'currently use', 'available anymore', 'orbit build']"
535771.0,"['like saving', 'often get', 'build configuration', 'error page', 'proxy error']"
536721.0,"['proxy error', 'error reading', 'occur quite', 'server received', 'reason error']"
538602.0,"['enum issue', 'resume using', 'class contains', 'enum enum', 'indentation issue']"
540890.0,"['override public', 'somethings like', 'public int', 'return objects', 'objects hash']"
542697.0,"['org eclipse', 'eclipse help', 'log txt', 'txt going']"
543201.0,"['looks like', 'seems broken', 'machine seems', 'broken looks', 'connectivity windows']"
543254.0,[]
545915.0,"['match steps', 'hit save', 'password hit', 'address current', 'settings steps']"
547776.0,"['slow note', 'sdk windows', 'windows build']"
548315.0,"['jre javase', 'tycho ee', 'gerrit beta', 'error require', 'satisfy dependency']"
549335.0,"['mid june', 'job configuration', 'improves things', 'see whether', 'please restart']"
550472.0,"['include boost', 'unit cc', 'boost config', 'unit json', 'include home']"
551971.0,"['leak suspects', 'also leak', 'see also', 'suspects report', 'getting rendered']"
553747.0,"['java lambda', 'created attachment', 'java way', 'pre java', 'knows types']"
558046.0,"['ya une', 'il ya', 'dernière version', 'en date', 'window builder']"
559045.0,"['config git', 'git config', 'config especially']"
559176.0,"['stopped publishing', 'index html', 'archives jan', 'html dev', 'jan index']"
562689.0,"['view text', 'inspection view', 'debug view', 'view variable', 'text overlapping']"
565521.0,"['right click', 'constructed correctly', 'expected result', 'url ldap', 'ldap ldap']"
565569.0,"['thanks best', 'ci builds', 'builds could', 'would like', 'best regards']"
567376.0,"['created attachment', 'rendering goes', 'attachment screen', 'table rendering', 'recording potentially']"
568164.0,"['stack trace', 'reproduce create', 'eol foo', 'eol import', 'foo b']"
568659.0,"['table indexed', 'sur os', 'big sur', 'widget table', 'indexed based']"
570134.0,"['gpg password', 'password please', 'gpg every', 'please add', 'every time']"
572637.0,"['status status', 'status error', 'inst jre', 'message uploading', 'error message']"
572741.0,"['currently platform', 'using jetty']"
573737.0,"['days blocking', 'windows vnc']"
573979.0,"['rhel eclipse', 'window pops', 'eclipse gtk', 'os rhel', 'window unable']"
574301.0,"['styles null', 'error content', 'return null', 'null e', 'error style']"
575548.0,"['critical warnings', 'warnings assertion', 'appears also', 'resizing gtk', 'box gadget']"
577472.0,"['close see', 'preferences general', 'see color', 'another widget', 'line foreach']"
510153.0,"['misleading need', 'unit unit', 'test results', 'results labels']"
510192.0,"['operation finished', 'inputs show', 'differences inputs', 'compare inputs', 'failed operation']"
510216.0,"['base bundle', 'icu base', 'huge bundle', 'example product', 'ibm icu']"
510351.0,"['shows multiple', 'created attachment', 'news feeds', 'feeds jobs', 'multiple polling']"
510543.0,"['nls root', 'root messages', 'fix typo', 'well fix', 'js line']"
510550.0,"['main application', 'main extends', 'void main', 'looks like', 'module info']"
510787.0,"['https ps', 'ps maybe', 'eclipse org', 'permanent redirection', 'events eclipse']"
511244.0,"['map public', 'val map', 'public typedef', 'class map', 'map type']"
511470.0,"['green template', 'editor shows', 'id mid', 'mid id', 'red green']"
511532.0,"['pref dialog', 'dialog title', 'use alpha', 'title png']"
511669.0,"['node modules', 'patch programmers', 'require modules']"
511704.0,"['team activated', 'activated team', 'finds nothing']"
512015.0,"['super u', 'u list', 'comparable super', 'super comparable', 'oracle java']"
512097.0,"['crashes segmentation', 'dev mgr', 'invalid read', 'forte core', 'created attachment']"
512418.0,"['commit changes', 'reader role', 'understand reader']"
512426.0,"['existing editors', 'editors e', 'merge split', 'editor split', 'single document']"
512484.0,"['id product', 'cgi id', 'format advanced', 'query format', 'reopened classification']"
512635.0,"['similar callback', 'callback handlers', 'handlers class']"
512851.0,['problems seems']
512957.0,"['latest version', 'update felix']"
512958.0,"['update felix', 'latest version']"
513015.0,"['test takes', 'takes seconds']"
513058.0,"['typename dtype', 'dtype void', 'templates like', 'int x', 'void test']"
513104.0,"['null point', 'point originates', 'call stack', 'call getvalue', 'call line']"
513197.0,"['also happens', 'adding watch', 'yellow function', 'function block']"
513303.0,"['every texteditor', 'short cuts', 'standard browsers', 'nice feature']"
513469.0,[]
513572.0,"['use shortcuts', 'select another', 'get focus', 'another application', 'orion get']"
513639.0,"['following snippet', 'snippet gives', 'analysis public', 'println else', 'wrong positive']"
513678.0,"['void func', 'include test', 'template typename', 'cpp include', 'int b']"
513952.0,"['change ok', 'windows preferences', 'apply close', 'preferences dialog']"
514000.0,"['created attachment', 'attachment screenshot', 'release milestone', 'screenshot version', 'milestone build']"
514242.0,"['bug cgi', 'cgi id', 'junit test', 'case needs', 'test case']"
514402.0,"['attachment file', 'file new', 'attached screenshot', 'menu entries', 'created attachment']"
514589.0,"['closer look', 'mails like', 'dev html', 'html seem', 'like project']"
514657.0,"['entirely separate', 'existing handbook', 'separate handbook', 'well documented', 'various processes']"
514775.0,"['following error', 'shoot new', 'new thread', 'created attachment', 'attachment screen']"
514951.0,"['standard example', 'example class', 'class optional', 'external annotation']"
515060.0,[]
515149.0,"['diagram drag', 'drag drop', 'model explorer']"
515262.0,[]
515349.0,"['main error', 'analysis reproducable', 'break else', 'else break', 'break case']"
515463.0,"['minimal example', 'cdt false', 'returning non', 'function returning', 'example int']"
515479.0,"['org junit', 'use org', 'junit assert']"
515488.0,"['apidocs rcp', 'constructors rcp', 'calls rcp', 'models rcp', 'overrides rcp']"
515576.0,"['still using', 'prefix property', 'workflow goes', 'using ui', 'ca workflow']"
515642.0,['test test']
515845.0,"['eclipse email', 'email password', 'using either', 'eclipse username', 'username password']"
516141.0,"['please add', 'wordpress com']"
516168.0,"['f saying', 'f class', 'f public', 'function f', 'f pdt']"
516480.0,"['running following', 'following example', 'c following', 'keyboard layout', 'russian keyboard']"
516539.0,"['created attachment', 'attachment screenshot', 'screenshot see', 'see screenshot']"
516698.0,"['key documentation', 'key body', 'potentially ignoring', 'ignoring model', 'details key']"
516702.0,"['eclipse void', 'sort void', 'void list', 'collections sort', 'entries new']"
516822.0,"['created attachment', 'attachment signin', 'days ago', 'eclipse account', 'signin problem']"
516830.0,"['void run', 'run throws', 'lambda via', 'override public', 'ui system']"
516844.0,"['bug see', 'see difference', 'good reason', 'initially created']"
516942.0,"['marketplace menu', 'uss marketplace', 'release milestone', 'attachment screenshot', 'created attachment']"
516982.0,"['specification sync', 'message pref', 'execution specification', 'specification async', 'pref execution']"
517037.0,"['yet support', 'comment supporting', 'supporting annotations', 'module info', 'bug comment']"
517311.0,"['horizontal scrolling', 'finger scrolling', 'two finger', 'vertically using', 'touch gesture']"
517390.0,['dev html']
517775.0,"['rendering problem', 'attachment image', 'created attachment', 'bad rendering', 'image displaying']"
517805.0,"['via alternative', 'alternative ways', 'initial state', 'selected moved', 'moved via']"
517890.0,"['broken since', 'seem broken', 'mailing lists', 'lists seem', 'march –']"
518106.0,['tried restart']
518112.0,"['luck regards', 'without luck', 'tried restarting']"
518113.0,"['macro multi', 'multi public', 'macro empty', 'empty macro', 'main macro']"
518127.0,"['cache control', 'related responses', 'file related', 'responses especially', 'especially errors']"
518211.0,"['pointer type', 'type std', 'main std', 'foo public', 'std unique']"
518281.0,"['adding workspace', 'added external', 'gives compilation', 'automatic adding', 'workspace jar']"
518285.0,"['orm entity', 'entity orm', 'code php', 'orm mapping', 'orm orm']"
518480.0,"['formatted back', 'indented see', 'empty lines', 'lines disabled', 'function func']"
518494.0,"['created attachment', 'attachment screenshot', 'screenshot see', 'see screenshot']"
518693.0,[]
518715.0,"['function gdk', 'gdk screen', 'screen height']"
518721.0,"['function gdk', 'gdk window', 'window process']"
518722.0,"['function gdk', 'process updates', 'window process', 'gdk window']"
518872.0,['see bug']
518942.0,"['open directory', 'new directory', 'code display', 'folder directory', 'directory dialog']"
519000.0,"['respective text', 'scenarios described', 'steps keep', 'header inclusion', 'link clicking']"
519087.0,"['internal server', 'server error', 'gives internal']"
519172.0,"['surely type', 'type hierarchy', 'abort capability', 'hangs surely', 'object rather']"
519466.0,"['b login', 'login click', 'user b', 'start fresh', 'bad user']"
519676.0,"['behaves like', 'times enable', 'goes back', 'enable block', 'block selection']"
519727.0,"['editors text', 'text editors', 'editors enable', 'general editors', 'margin set']"
519939.0,"['error syntax', 'syntax error', 'compiler error', 'java project', 'valid identifier']"
520099.0,"['attached picture', 'lines see', 'vs regression', 'likely coming', 'view toolbar']"
520170.0,"['parsing failing', 'jsx parsing', 'syntax warnings', 'js file', 'js files']"
520429.0,"['created attachment', 'hidden see', 'partially hidden', 'combo box', 'see screenshot']"
520497.0,"['area expected', 'really slow', 'scenario git', 'git staging', 'staged changes']"
520631.0,"['oxygen nightly', 'must provide', 'job must', 'maven profile', 'build onto']"
520722.0,"['int double', 'tuple int', 'argument deduction', 'constructor call', 'deduction allows']"
520769.0,"['g function', 'g class', 'e g', 'function foo', 'foo function']"
520865.0,"['causes duplicate', 'persistence classes', 'duplicate files', 'builds apk', 'android builds']"
521395.0,"['still works', 'open declaration', 'declaration still']"
521440.0,['created bug']
521636.0,"['js files', 'files get', 'client js', 'files contain', 'string banner']"
521771.0,"['channel send', 'script file', 'test jobs', 'channel call', 'channel terminate']"
521782.0,"['properties view', 'model elements', 'considerable delay', 'different model']"
521801.0,"['audio tag', 'infinite loop', 'audio audio', 'audio value', 'val audio']"
522288.0,"['rap translations', 'updated rap', 'rap language', 'least german', 'add updated']"
522668.0,"['static n', 'n extends', 'n r', 'noop n', 'identity public']"
525211.0,"['files works', 'occurence bug', 'example see', 'bug javascript', 'styles example']"
525420.0,"['created attachment', 'attachment tool', 'tool bar']"
525496.0,[]
525598.0,"['errors e', 'structured bindings', 'parse c', 'c structured', 'auto x']"
525738.0,"['option store', 'parameters true', 'true parameters', 'parameter parameters', 'method parameters']"
525905.0,"['eclipse glib', 'glib gobject', 'changed delete', 'c signal', 'gobject warning']"
525993.0,"['type inference', 'extend type', 'local variables']"
526459.0,"['needed please', 'git repository', 'additional git', 'please provide']"
526461.0,"['minimum space', 'created message']"
526709.0,"['stash apply', 'appear unexpected', 'unexpected problem', 'problem create', 'problem detail']"
526714.0,"['mark occurrences', 'attachment mark', 'js project', 'project depending', 'function style']"
526807.0,[]
527168.0,"['private int', 'int n', 'private void', 'n private', 'enum constants']"
527346.0,"['bread crumb', 'created attachment', 'attachment breadcrumb', 'dark theme', 'look good']"
527377.0,"['workspace one', 'th please', 'one th']"
527427.0,"['c constexpr', 'see constexpr', 'missing support', 'statements see', 'currently missing']"
527465.0,"['big hard', 'help browser', 'using scale', 'see screenshot', 'attachment help']"
527520.0,"['use jenkins', 'jenkins instead']"
527636.0,"['non existing', 'looks like', 'user image', 'uploaded user', 'picture looks']"
527671.0,"['causes eclipse', 'tag causes', 'browser widget', 'different plug', 'javadoc containing']"
527742.0,"['put put', 'integer string', 'infer type', 'public static', 'string arraylist']"
527863.0,['simple differences']
527896.0,"['multiple marketplace', 'keeps growing', 'created attachment', 'showing multiple', 'attachment image']"
528203.0,['null form']
528394.0,['please migrate']
528447.0,"['called variable', 'destructors called', 'shown destructors', 'explicit destructors']"
528683.0,"['almost impossible', 'working almost', 'makes working']"
528814.0,"['touch features', 'serious problem', 'changed points', 'manually touch', 'feature changed']"
528865.0,"['writing objects', 'compressing objects', 'threads compressing', 'counting objects', 'done writing']"
529206.0,"['marketplace menu', 'eclipse marketplace', 'help eclipse', 'thanks yi', 'expected result']"
529215.0,"['next lines', 'indented correctly', 'c next', 'correctly e', 'php code']"
529286.0,"['entry area', 'work correctly', 'toolbar entry', 'area however', 'right click']"
529495.0,"['dark w', 'marketplace provide', 'eclipse marketplace', 'expected dark', 'provide search']"
529557.0,"['created attachment', 'attachment error']"
529561.0,"['since bugzilla', 'id order', 'list id', 'format advanced', 'longer work']"
529775.0,"['java application', 'dependencies tab', 'application launch', 'junit launch', 'launch configurations']"
530196.0,"['level properties', 'k create', 'tree table', 'k step', 'first depth']"
530289.0,"['bb c', 'tbb bb', 'nested designated', 'red underlined', 'char c']"
530386.0,"['get device', 'display get', 'gdk display']"
530435.0,"['via web', 'text permission', 'permission denied', 'restart hudson', 'web ci']"
530458.0,"['installing wtp', 'wtp smoke', 'smoke test', 'find org', 'org eclipse']"
530462.0,"['fully initially', 'visible line', 'line characters', 'shown fully', 'shows characters']"
530801.0,"['based null', 'annotation based', 'enabled annotation', 'context javadoc', 'knows nothing']"
531004.0,"['second line', 'apparently cdt', 'ss apparently', 'completion suggestions', 'auto ss']"
531269.0,"['test select', 'select windows', 'toogle full', 'full screen']"
531271.0,[]
531336.0,"['uses deprecated', 'deprecated api', 'api e', 'e g']"
531448.0,"['plugins org', 'org eclipse', 'latest build', 'compilation warnings', 'publisher dot']"
531449.0,"['dot html', 'compilation warnings', 'apt dot', 'latest build', 'plugins org']"
531835.0,"['photon photon', 'photon scheduled', 'new bundle']"
531875.0,"['last letter', 'cell padding', 'see snippet', 'properly see', 'take cell']"
531927.0,"['uses workspace', 'project created', 'workspace preferences', 'new java', 'creating new']"
531946.0,"['refactored field', 'field refactoring', 'field resulting', 'move field', 'super field']"
531954.0,[]
532245.0,"['longer delete', 'delete default', 'created attachment', 'attachment screenshot', 'default package']"
532542.0,"['examples c', 'run examples', 'automatic eclipse', 'c pull', 'ip check']"
532707.0,"['attachment tab', 'created attachment', 'button attaching', 'tab close', 'close button']"
532739.0,"['maven build', 'run maven', 'compilation failure']"
532850.0,"['new object', 'main new', 'run system', 'static void', 'r run']"
532953.0,"['interface method', 'method signature', 'assist completion', 'completion option', 'integer c']"
532960.0,"['would expect', 'read occurrence', 'xxx string', 'mark occurrences', 'type occurrences']"
533033.0,"['vi v', 'define vi', 'int vi', 'typename struct', 'template typename']"
533172.0,"['profile editor', 'validation script']"
533220.0,"['error occurred', 'internal error', 'messages java', 'text search', 'many java']"
533388.0,"['bug cgi', 'comment bug', 'cgi id', 'reference issuecomment']"
533768.0,"['annex e', 'e variants', 'verdict fail', 'prototype encode', 'encode raw']"
533806.0,"['pull without', 'invoke pull', 'result alternates', 'ok synchronized', 'head pruned']"
534112.0,['org based']
534151.0,"['looks bad', 'tree looks', 'tree item', 'item background', 'hot items']"
534375.0,"['wrong content', 'first tip']"
534841.0,"['x series', 'gtk details', 'perl module', 'dbg gtk', 'unique perl']"
535025.0,"['available height', 'vertical scrollbar', 'javascript compare', 'compare editors', 'full available']"
535173.0,"['ways ide', 'several ways', 'others ide', 'reading suggest', 'idea broken']"
535176.0,"['created attachment', 'attachment screenshot', 'screenshot see', 'see screenshot']"
535354.0,"['new milestones', 'milestones versions', 'wanted add', 'add new']"
535398.0,"['milestones using', 'using view', 'configuring bugzilla', 'longer works', 'target milestones']"
535550.0,"['page loads', 'experience severe', 'issue accessing', 'tried company', 'include timeout']"
536017.0,"['gtk shell', 'modeless window']"
536271.0,"['user scenarios', 'vice versa', 'scenarios arising', 'valid var', 'compiler support']"
536613.0,"['call stacks', 'created attachment', 'attachment diff', 'particular file', 'indexer hangs']"
536834.0,"['additional git', 'needed please', 'git repository', 'please provide']"
536835.0,"['frontend please', 'please provide']"
536836.0,"['additional git', 'git repository', 'needed please', 'please provide']"
536903.0,"['font style', 'become italic', 'character become', 'normal style', 'italic font']"
536999.0,[]
537255.0,"['plugin activator', 'exception override', 'throw new', 'override public', 'service plugin']"
537314.0,"['asm jars', 'update asm']"
537425.0,"['saturday becomes', 'monday tuesday', 'adding comments', 'friday saturday', 'comments javadoc']"
537447.0,"['names format', 'port number', 'com names', 'format com', 'strange com']"
537616.0,"['either appear', 'problems view', 'opening minimap', 'optimal opening', 'appear beside']"
537730.0,"['b object', 'x extends', 'public static', 'return b', 'constants ticked']"
537930.0,"['stdout stderr', 'fetch tags', 'code stdout', 'hudson plugins', 'git fetch']"
537935.0,"['lib docs', 'verification let', 'content type', 'type application', 'docs dev']"
538202.0,"['view right', 'right click', 'click ad', 'composite view', 'ad child']"
538369.0,['contains copyright']
538521.0,"['menu like', 'like commit', 'project make', 'contains sub', 'steps open']"
538932.0,"['element behavior', 'selected element', 'arrange selection', 'selection also']"
538970.0,"['work anymore', 'still unavailable']"
539048.0,"['last part', 'path sources', 'following order', 'app utils', 'app domain']"
539131.0,"['marketplace entry', 'p build', 'create p', 'build update', 'update marketplace']"
539136.0,['build creation']
539227.0,[]
539310.0,"['models rcp', 'overrides rcp', 'apidocs rcp', 'constructors rcp', 'description unresolved']"
539445.0,"['attachment layout', 'created attachment', 'character display', 'layout error', 'error layout']"
539531.0,"['ws api', 'jax ws', 'cd jax', 'ci instance', 'ci cd']"
539742.0,"['created attachment', 'example project', 'collection seems', 'minimal example', 'attachment minimal']"
539827.0,"['complain include', 'include memory', 'int main', 'main std', 'v derived']"
540008.0,"['working properly', 'properly umbrella', 'ip validation', 'validation bot', 'shows nothing']"
540127.0,"['bundle spy', 'spy displays', 'displays nothing', 'nothing window']"
540378.0,"['generate begin', 'todo implement', 'process todo', 'generator begin', 'begin user']"
540513.0,"['data explanation', 'message data', 'cross referenced']"
540514.0,"['reference reference', 'reference html', 'feature reference', 'machine elements', 'state machine']"
540643.0,"['makes compare', 'compare editor', 'id reverting', 'works fine', 'editor works']"
540645.0,"['server credentials', 'transaction waiting', 'rc closing', 'using server', 'jakarta transaction']"
540677.0,"['longer accept', 'accept arguments']"
540862.0,"['attachment screen', 'screen shot', 'created attachment', 'title said']"
540872.0,"['created attachment', 'attachment screenshot', 'share wizard', 'project file', 'following structure']"
540912.0,"['sometimes text', 'windows gets', 'maybe related', 'gets blurry', 'created attachment']"
541057.0,"['run cdt', 'verify job', 'job picked', 'adapter pull', 'gdb adapter']"
541147.0,"['see attachment', 'attachment unfortunately']"
541182.0,"['track infrastructure', 'top level', 'platform team', 'infrastructure issues', 'eclipse platform']"
541230.0,[]
541411.0,"['also fix', 'sev critical', 'critical severity', 'severity critical', 'keyset iterator']"
541738.0,"['instances jsonp', 'delete old', 'old instances', 'please create', 'create new']"
541869.0,"['completion completion', 'true completion', 'eclipse ide', 'eclipse workspace', 'ide trace']"
542619.0,"['string termination', 'handler cpp', 'fix one', 'additional check', 'one line']"
542670.0,"['segment based', 'model tooling', 'template model', 'view template', 'support segment']"
542726.0,"['several occasions', 'projects spring', 'spring ide', 'occasions projects', 'projects issues']"
542729.0,"['job xtext', 'git git', 'code stdout', 'eclipse job', 'plugins git']"
542821.0,"['corresponding instance', 'use jenkins', 'please create', 'us thanks', 'snapshots could']"
542897.0,"['think link', 'server error', 'many many', 'many requests']"
543118.0,['sadly time']
543230.0,"['following code', 'long foo', 'foo long', 'target exception', 'code throws']"
543253.0,[]
543306.0,['working properly']
543566.0,"['ot working', 'ctrl space', 'trigger neither', 'junit test', 'method name']"
543568.0,"['ot working', 'junit test', 'ctrl space', 'method name', 'trigger neither']"
543674.0,"['example bug', 'bug comment', 'enum switch', 'case label', 'corresponding case']"
543688.0,['release train']
543962.0,"['explorer image', 'arrows visible', 'theme triangle', 'arrow part', 'package explorer']"
543990.0,"['created attachment', 'mostly covered', 'horizontal bar', 'problems pane', 'attachment expandable']"
544256.0,"['module jp', 'module info', 'info author']"
544341.0,"['blurry image', 'calling imagedata', 'use native', 'native scaling', 'image eclipse']"
544366.0,"['background foreground', 'inactive code', 'please let', 'never finished', 'thoughts please']"
544595.0,['removals page']
544899.0,"['actually set', 'module null', 'lambda line', 'line apply', 'apply line']"
545029.0,"['eclipselink gef', 'time ago', 'validation eclipselink', 'orbit jetty', 'jetty dtp']"
554429.0,"['two connected', 'function must', 'delete incoming']"
545532.0,"['jdt core', 'javadoc generation', 'generation errors', 'core bundles', 'address javadoc']"
545534.0,"['public static', 'h static', 'static int', 'endif return', 'cpp define']"
545542.0,"['java feature', 'null jdk', 'jdk compiler', 'code without', 'void main']"
545650.0,"['update repo', 'repo url']"
545783.0,"['break default', 'switch case', 'bugs public', 'return switch', 'int foo']"
545892.0,"['swt gerrit', 'related error', 'example gerrit', 'infra related', 'jobs seem']"
545988.0,"['monday system', 'sunday system', 'add default', 'default case', 'case thursday']"
546483.0,"['warning trying', 'allocation snippet', 'current allocation', 'snapshot gtk', 'warning gtk']"
546946.0,"['open enough', 'created attachment', 'attachment screenshot', 'blurry tab', 'tab counter']"
547440.0,"['path e', 'e g', 'http error', 'started php']"
547838.0,"['account login', 'automatically also', 'build automatically', 'uploading patch', 'control instance']"
547898.0,"['imports ending', 'platform resource', 'would expect', 'goto declaration', 'declaration feature']"
547931.0,"['triggering builds', 'trigger gerrit', 'patches button', 'gerrit patches', 'gerrit contributions']"
548046.0,"['general appearance', 'cursor still', 'editable however', 'still flashes', 'description text']"
548048.0,"['occurs window', 'cursor still', 'text box', 'still flashes', 'preferences general']"
548118.0,"['capabilities page', 'occurs window', 'window preferences', 'created attachment', 'capabilities similar']"
548156.0,"['click allow', 'wiki even', 'every single', 'allow cookies', 'single page']"
548167.0,"['structured text', 'text double', 'general structured', 'color preview', 'preferences general']"
548274.0,"['java util', 'import java', 'static void', 'name private', 'new arraylist']"
548359.0,['prints sou']
548479.0,"['laptop environment', 'terminal laptop', 'environment linux', 'ubuntu theme', 'linux ubuntu']"
548480.0,"['committers version', 'gadget gtk', 'allocating gadget', 'terminal thanks', 'laptop run']"
548556.0,"['build failed', 'failed without', 'swt increment', 'without completing', 'completing swt']"
548613.0,"['bug cgi', 'see bug', 'cgi id']"
548737.0,"['clone ssh', 'etc gitconfig', 'sh clone', 'system edit', 'version usr']"
548775.0,"['resources contributing', 'commit message', 'message resources', 'validation message', 'contributing via']"
548844.0,"['sdk datetime', 'send selection', 'selection event', 'gtk eclipse', 'stretch gtk']"
549296.0,"['text editor', 'created attachment', 'attachment unreadable', 'unreadable screenshot', 'unreadable text']"
549389.0,"['struct mystruct', 'main mystruct', 'none found', 'mystruct test', 'mystruct num']"
549740.0,[]
549752.0,"['created attachment', 'completion without', 'attachment code', 'code completion', 'without break']"
549788.0,"['var x', 'g define', 'e g', 'warning try', 'unused var']"
549827.0,"['current version', 'jackson xerces', 'change request']"
549896.0,"['related api', 'deprecated since']"
549962.0,"['changes required', 'formatter changes', 'switch expressions', 'umbrella bug']"
550001.0,"['need ssh', 'update sites', 'ssh setup', 'sites thanks']"
550273.0,"['main string', 'code snippet', 'bug comment', 'self contained', 'void main']"
550282.0,"['build update', 'bug create', 'initially created', 'p build', 'update marketplace']"
550503.0,"['top level', 'level bug']"
550862.0,"['older versions', 'sure older', 'first suggestions', 'e g', 'following suggestions']"
550890.0,"['header thanks', 'table header', 'markup enabled', 'enabled function']"
550953.0,"['example c', 'please add', 'without change', 'commit hook', 'change id']"
550990.0,"['text display', 'showing text', 'java text', 'java editor', 'screenshot showing']"
551069.0,"['please replace', 'case please', 'created attachment', 'png files', 'attachment screenshot']"
551125.0,"['still seems', 'client plug', 'upcoming release']"
551207.0,"['bugzilla component', 'cgi product', 'bug cgi', 'actually exist', 'component referred']"
551326.0,"['see help', 'help search', 'search item', 'light see', 'related icon']"
551342.0,"['world code', 'helloworld binary', 'binary error', 'create pty', 'installed eclipse']"
551343.0,"['longer change', 'debug session']"
551401.0,"['index html', 'see index', 'image null', 'null branding', 'executables see']"
551403.0,"['see index', 'index html']"
551406.0,"['testfile setup', 'code section', 'setup code']"
551424.0,"['created attachment', 'attachment screenshot', 'screenshot see', 'see attachment']"
551521.0,"['workspace log', 'attachment workspace', 'created attachment']"
551705.0,"['packaging parent', 'consider also', 'arch arch', 'version packaging', 'platform configuration']"
551718.0,"['template template', 'c features', 'template functions', 'expressions constexpr', 'constexpr lambda']"
551814.0,"['cgi id', 'see bug', 'bug cgi']"
551940.0,"['expression blindly', 'pressing enter', 'created attachment']"
551953.0,"['inspect works', 'bug inspect', 'works well', 'debug bug']"
552047.0,"['appearance show', 'window appearance', 'appearance hide', 'view e', 'new workspace']"
552058.0,"['text public', 'text text', 'void foo', 'public class', 'static void']"
552135.0,"['getting bad', 'bad gateway', 'gateway error', 'please investigate']"
552213.0,"['lang english', 'tilde character', 'type tilde', 'version update', 'windows version']"
552254.0,"['presented twice', 'twice please', 'use one', 'created attachment', 'agreement presented']"
552419.0,"['xml gives', 'ide would', 'would take', 'path segment', 'good suggestion']"
552462.0,"['chars constexpr', 'char chars', 'char char', 'typename char', 'pretty sure']"
552474.0,"['color color', 'background color', 'css spy', 'swt medium', 'spy still']"
552541.0,"['experts october', 'spec experts', 'element investigate', 'j l', 'e element']"
552802.0,"['created attachment', 'design frame']"
552880.0,"['eclipse crushes', 'wb swing', 'attachment eclipse', 'fixed wb', 'begginer programmer']"
553142.0,"['end result', 'internal compiler', 'compiler ast']"
553144.0,"['type inference', 'inference part']"
553145.0,"['flow analysis', 'analysis part']"
553146.0,['codegen part']
553444.0,"['view test', 'auto gen', 'job auto', 'test job', 'job test']"
553676.0,"['would like', 'instance restarted', 'ci instance']"
553683.0,"['postfix completion', 'trigger postfix', 'var trigger']"
553771.0,"['job pull', 'hudson plugins']"
558061.0,"['create composite', 'composite fb', 'update type', 'adapter change', 'change adapter']"
558285.0,"['ctrl shift', 'ctrl quick', 'uppercase search', 'open type', 'type dialog']"
558340.0,"['eclipse see', 'freezes eclipse', 'items freezes', 'see trace', 'problems tree']"
558409.0,"['intellij understands', 'ies cases', 'g category', 'named categories', 'collection named']"
558551.0,"['c c', 'developers version', 'c developers', 'version says', 'eclipse ide']"
558610.0,"['created attachment', 'tried multiple', 'multiple frameworks', 'design mode', 'enter design']"
558658.0,"['opening scroll', 'hand size', 'attachment lhs', 'scroll pane', 'lhs panel']"
558805.0,"['g compilation', 'says type', 'compiler g', 'prefixing line', 'resolved compiling']"
559041.0,"['present though', 'find previous', 'incremental find', 'preferences keys', 'find reverse']"
559082.0,"['note tested', 'password note', 'enter credentials', 'credentials accepted', 'invalid username']"
559135.0,"['completion see', 'see attached', 'attached documents', 'blocking completion', 'non blocking']"
559387.0,[]
559393.0,"['git transactions', 'despite well', 'pages show', 'contribution activity', 'elapsed since']"
559473.0,"['auto gen', 'view test', 'pull thanks', 'gen tests', 'tests pull']"
559527.0,['integer value']
559638.0,"['lines formatted', 'amount apparently', 'formatted correctly', 'eclipse enterprise', 'code using']"
559920.0,"['buttons resetting', 'stackoverflow prevent', 'repro snippet', 'created attachment', 'first ratio']"
559981.0,"['noon today', 'longer log']"
560012.0,"['receive mails', 'also see']"
560126.0,"['sitting waiting', 'executors jobs']"
560127.0,"['internal logical', 'using internal', 'code like', 'logical tuple', 'auto operator']"
560170.0,"['perfectly legal', 'legal std', 'placeholder type', 'type deduction', 'decltype shall']"
560171.0,"['v v', 'v could', 'int v', 'std vector', 'symbol v']"
560209.0,[]
560322.0,"['get errors', 'errors follow']"
560339.0,"['ci build', 'make status', 'org pr', 'status check', 'check thanks']"
560611.0,"['github see', 'gerrit repository', 'mailing list', 'list thread', 'dev html']"
560614.0,['adding size']
560649.0,"['running eclipse', 'absolutely still']"
560725.0,"['last notification', 'bugzilla although', 'yet received', 'get notified', 'bug comment']"
560730.0,"['rights see', 'see console', 'work anymore', 'access rights', 'gerrit checkout']"
560959.0,"['final field', 'quickfix nothing', 'blank final', 'public record', 'nothing happens']"
561414.0,[]
561595.0,[]
561706.0,"['legal doc', 'organize legal', 'doc currently', 'one organize', 'notice file']"
561873.0,"['restarting either', 'running job']"
561905.0,"['com ibm', 'ibm icu', 'move away', 'icu text', 'possible see']"
561918.0,"['possible see', 'icu text', 'ibm icu', 'com ibm', 'move away']"
561921.0,"['signing failed', 'gpg signing', 'sign artifacts', 'info gpg', 'default secret']"
562014.0,"['sun mail', 'mail smtp', 'smtp smtp', 'temporary lookup', 'org temporary']"
562149.0,"['leak tests', 'might fail', 'tests might']"
562342.0,[]
562594.0,"['path independent', 'projects path', 'database path', 'helpful allowing', 'make projects']"
562604.0,"['new tostring', 'string tostring', 'saving override', 'build ends', 'tostring return']"
562610.0,"['table full', 'target exception', 'new stringbuilder', 'body new', 'uninitialized uninitialized']"
562614.0,"['runas list', 'add maven', 'defined goals', 'pre defined', 'maven package']"
562616.0,"['new object', 'object new', 'supplier object', 'object public', 'object foo']"
563083.0,"['look outdated', 'rounded corners', 'trim look', 'created attachment', 'see attachement']"
563100.0,"['gives visual', 'visual feedback', 'monitor system', 'magnifying glass', 'nothing happens']"
563185.0,"['field corresponding', 'record component', 'error condition', 'added error', 'record class']"
563221.0,"['master console', 'job master', 'run job', 'broken thanks', 'job core']"
563265.0,"['idea thanks', 'created attachment', 'attachment waiting', 'executors master']"
563277.0,"['bug cgi', 'bar handles', 'cgi id', 'bar frames', 'trim bar']"
563278.0,"['get application', 'available error', 'pretty unstable', 'looks right', 'still see']"
563343.0,"['appearance preferences', 'preferences page', 'change warning', 'clicking apply', 'theme change']"
563509.0,"['clipboard contents', 'selected elements', 'dialog pops', 'elements dialog']"
563510.0,"['name click', 'reproduce press', 'file change', 'click another', 'file name']"
563541.0,[]
563714.0,"['without entering', 'bar without', 'white even', 'remains white', 'entering full']"
563817.0,"['remote currently', 'currently one', 'either cli', 'existing remote', 'use either']"
563858.0,"['quick fix', 'private boolean', 'method quick', 'fix create', 'code like']"
564044.0,['model changes']
564159.0,"['jenkins server', 'bug cgi', 'months ago', 'cgi id', 'id would']"
564310.0,"['developer setup', 'created attachment', 'okay see', 'see attachments', 'branding icon']"
564391.0,"['around branches', 'settings around', 'branches default', 'default branches', 'branches branch']"
564456.0,"['swt link', 'link widget']"
564501.0,"['invalid arguments', 'eclipse complains', 'argument eclipse', 'include functional', 'test run']"
564560.0,"['body must', 'constructor body', 'must satisfy', 'class r', 'record class']"
564864.0,"['working fuction', 'created attachment', 'attachment function']"
565176.0,"['personally log', 'either without', 'msg th', 'users report', 'two users']"
565212.0,"['single component', 'outline view', 'shows elements', 'view shows']"
565358.0,"['service lookup', 'alex new', 'new equinox', 'access could', 'equinox api']"
565460.0,"['x error', 'public class', 'package public', 'shown package', 'package record']"
565541.0,"['create feature', 'launch component', 'dedicated launch']"
565635.0,"['read settings', 'settings per', 'registration settings', 'per product', 'product customization']"
565870.0,"['created attachment', 'two exceptions', 'also recorded']"
565920.0,"['background styling', 'os big', 'sur beta', 'big sur', 'mac os']"
566114.0,['log txt']
566134.0,"['possible anymore', 'even though', 'anymore even', 'monitoring system', 'system later']"
566486.0,"['implement action', 'action recognizing', 'http request', 'data required']"
566635.0,"['created attachment', 'ctrl click', 'e g', 'b h', 'func else']"
566655.0,"['error unable', 'unable find', 'marketplace attempts', 'attempts download', 'paradigm com']"
566691.0,"['barely see', 'file technology', 'eclipse jee', 'jee zip', 'downloaded windows']"
566692.0,"['barely see', 'release eclipse', 'bit file', 'file technology', 'zip dark']"
566693.0,"['folder expansion', 'expansion symbol', 'epp downloads', 'bit file', 'technology epp']"
566694.0,"['barely see', 'technology epp', 'jee zip', 'downloaded windows', 'file technology']"
566907.0,"['two stacktraces', 'attachment two', 'created attachment', 'test suite', 'junit test']"
567054.0,"['standalone window', 'attached view', 'window neither', 'close standalone', 'close x']"
567295.0,"['script file', 'redirect script', 'technology epp', 'file technology', 'epp downloads']"
567637.0,"['using selenium', 'tried linking', 'never recognizes', 'external jars', 'either way']"
567638.0,"['project either', 'either way', 'tried linking', 'using selenium', 'never recognizes']"
567739.0,"['refactor module', 'module name']"
567757.0,"['appearance hide', 'window appearance', 'bar window', 'bar change', 'appearance show']"
568024.0,"['composite state', 'initial states', 'animated even', 'composite states']"
568246.0,"['invalid arguments', 'join return', 'void run', 'run int', 'arguments candidates']"
568362.0,"['created attachment', 'lang model', 'jdt core', 'see attached', 'attached example']"
568406.0,"['workbench information', 'contains invalid', 'information u', 'invalid unicode', 'ui workbench']"
568744.0,"['function started', 'def function', 'v myclass', 'error author', 'alive v']"
568831.0,['big sur']
568924.0,"['attachment event', 'created attachment', 'event details']"
569404.0,"['files reason', 'local repository', 'repository save', 'manage local', 'xz files']"
569615.0,"['remote rejected', 'rejected master', 'built static', 'please ensure', 'www eclipse']"
569669.0,"['file resolves', 'actual files', 'swt fragment', 'fragment jar', 'properties file']"
569787.0,"['builds displays', 'nightly builds', 'connection failure', 'failure error', 'error page']"
570004.0,"['created attachment', 'background color', 'color system', 'system color', 'color theme']"
570048.0,"['created attachment', 'attachment error', 'error log', 'probably related', 'log probably']"
570175.0,"['variable suggested', 'final boolean', 'sj new', 'public void', 'boolean bool']"
570853.0,"['method record', 'type r', 'abstract method', 'r must', 'error reported']"
570968.0,"['return status', 'line field', 'catch return', 'monitor try', 'e code']"
571324.0,"['find codec', 'framework service', 'executable product', 'product operator']"
571595.0,"['redirect http', 'archive e', 'download e', 'even publish', 'still supports']"
571806.0,['bug comment']
571837.0,"['static final', 'final boolean', 'static boolean', 'public static', 'test add']"
572275.0,"['jdt ui', 'ex gerrit', 'ui gerrit', 'hrs ex', 'yet finished']"
572279.0,"['product thus', 'jetty feature', 'lic jetty', 'org eclipse', 'passage product']"
572779.0,[]
572835.0,"['old licenses', 'breakage old', 'previous versions', 'modern type', 'supplied nevertheless']"
572898.0,"['also great', 'needs additional', 'separate ticket', 'renaming existing', 'existing branches']"
572971.0,"['product egit', 'changed time', 'even though', 'format advanced', 'egit query']"
573172.0,"['gets doubled', 'please provided', 'created attachment', 'core machine', 'dump sequences']"
573270.0,"['still warnings', 'still used', 'references deprecated']"
573333.0,"['context menu', 'history would', 'cherry picked', 'command line', 'picked egit']"
573452.0,"['refactor rename', 'comp refactor', 'method int', 'expected result', 'actual result']"
573609.0,"['dword display', 'dword values', 'display value', 'system explorer', 'explorer workspace']"
573621.0,"['static void', 'void main', 'public class', 'proposals completion', 'public static']"
574013.0,"['passing till', 'ui tests', 'failing randomly', 'check whether', 'till may']"
574222.0,"['created attachment', 'events dialog', 'windows host', 'display completely', 'see ok']"
574506.0,"['overview page', 'reference issues', 'gitlab repos', 'please see', 'repos show']"
574648.0,"['steady one', 'behaves normal', 'b xyz', 'xyz b', 'comment behaves']"
575358.0,"['build action', 'hello could', 'please add', 'post build', 'add record']"
575359.0,"['add record', 'please add', 'jacoco coverage', 'record jacoco', 'report post']"
575735.0,"['vnc went', 'went offline', 'windows vnc']"
575811.0,"['throws exception', 'js new', 'begin js', 'js begin', 'int abcde']"
575816.0,"['display escaped', 'escaped unicode', 'javadoc view', 'unicode characters', 'right arrow']"
576010.0,"['indexing console', 'disabling build', 'open open', 'following file', 'file indexing']"
576103.0,"['attachment screenshot', 'view condition', 'background color', 'condition editor', 'wrong background']"
576263.0,"['linux jre', 'pid source', 'overlay scrolling', 'jre bin', 'hotspot jre']"
576384.0,"['schedule task', 'master job', 'task waiting', 'anymore job', 'build jobs']"
576455.0,"['show full', 'save characters', 'class names', 'show fully', 'full class']"
576573.0,"['try thread', 'thread object', 'variable public', 'try catch', 'object bar']"
576820.0,"['incorrect behavior', 'jdt incorrect', 'test project', 'project jdt', 'test public']"
576848.0,"['executor could', 'got stuck', 'jobs got', 'jenkins jobs', 'available executor']"
577177.0,"['thanks anton', 'available executors', 'help us', 'job could']"
577183.0,"['seems jobs', 'wait forever', 'executor maybe', 'pipeline wait', 'docs pipeline']"
577200.0,"['following message', 'ci jobs']"
577213.0,"['attachment screenshot', 'void main', 'open view', 'view debug', 'debug view']"
577470.0,"['noticed since', 'junit failures', 'failures noticed', 'failures id']"
577498.0,"['please take', 'jobs getting', 'new jobs', 'getting triggered', 'jenkins instance']"
577589.0,"['new executors', 'days see', 'see testing', 'spawn new']"
577625.0,"['tablet finger', 'finger scrolling', 'engine check', 'inside chrome', 'works well']"
577716.0,"['available executor', 'next available', 'g console', 'bug cgi', 'e g']"
577970.0,"['install egit', 'egit expected', 'test steps', 'steps install', 'lfs resources']"
514254.0,"['enable disable', 'syntax would', 'possible syntax', 'true false', 'already requested']"
514485.0,"['use source', 'ps sorry', 'h namespace', 'class inside', 'source implement']"
519599.0,"['nightly steps', 'properties ui', 'infra properties', 'category path', 'preference category']"
522679.0,"['projectname exports', 'username module', 'module projectname', 'author username', 'extra javadoc']"
527758.0,"['method references', 'view classes', 'created attachment', 'hierarchy view', 'would expected']"
528131.0,"['line assert', 'execute line', 'main assert', 'developer runtime', 'line button']"
533158.0,"['html jls', 'jls html', 'jls requires', 'follows module', 'also html']"
539326.0,"['hello world', 'world application', 'see attachment', 'attachment screenshot', 'sheet see']"
541641.0,"['generated sys', 'requires date', 'sys file', 'dtd element', 'date attribute']"
544353.0,"['critical assertion', 'preferred width', 'glib critical', 'null failed', 'warning allocating']"
570013.0,"['created attachment', 'attachment video']"
529830.0,"['problems related', 'following query', 'query rule', 'resolve problems', 'rule findbugs']"
540283.0,"['iterator instead', 'keyset iterator', 'iterator sonar', 'query rule', 'rule findbugs']"
511463.0,"['plus linenumber', 'jump directly', 'name plus', 'open type', 'class name']"
513443.0,"['keyboard shortcuts', 'bound even', 'search view', 'shortcuts available', 'even though']"
514526.0,"['overrides rcp', 'bundles org', 'models rcp', 'org eclipse', 'longer description']"
514588.0,"['fix even', 'apidocs rcp', 'longer description', 'models rcp', 'calls rcp']"
514983.0,"['longer description', 'constructors rcp', 'calls rcp', 'description unresolved', 'models rcp']"
515636.0,"['unresolved bundles', 'calls rcp', 'apidocs rcp', 'models rcp', 'description unresolved']"
515637.0,"['calls rcp', 'overrides rcp', 'bundles org', 'models rcp', 'apidocs rcp']"
515783.0,"['overrides rcp', 'constructors rcp', 'calls rcp', 'bundles org', 'apidocs rcp']"
515817.0,"['server view', 'console history', 'add server']"
517070.0,"['constructors rcp', 'models rcp', 'calls rcp', 'overrides rcp', 'apidocs rcp']"
518387.0,"['java ee', 'imported used', 'ee archives', 'appropriate formats']"
518390.0,"['provider classes', 'java ee', 'ee facets', 'default factory', 'create default']"
518392.0,"['existing project', 'new versions', 'ensure existing', 'project creation', 'versions ensure']"
526846.0,"['task context', 'new task', 'context view', 'view actions', 'actions ist']"
527362.0,"['add javase', 'either need']"
530013.0,"['arbitrary external', 'external tool', 'could add', 'key binding']"
530151.0,"['longer description', 'description unresolved', 'unresolved bundles', 'org eclipse', 'bundles org']"
531410.0,"['cause issues', 'resources especially', 'xmi id', 'stability moving', 'moving elements']"
531604.0,"['alphabetic order', 'large number', 'order would', 'name even', 'even simple']"
535844.0,"['also using', 'git configuration', 'user git', 'using mylyn', 'commit message']"
536235.0,"['f public', 'quick assist', 'int h', 'b int', 'also give']"
536521.0,"['update mylyn', 'mylyn docs', 'epp packages']"
536931.0,"['camelcase matching', 'camelcase c', 'cc cc', 'first char', 'better using']"
538044.0,"['migrate code', 'almost element', 'code due']"
538420.0,"['explain anything', 'variable announcement', 'following code', 'dostuff potential', 'pointer access']"
539565.0,"['dialog wher', 'data store', 'popup dialog', 'classifiers classes', 'automatically created']"
540443.0,[]
545934.0,"['would like', 'local constants', 'method local', 'final string', 'dosomething final']"
546415.0,"['edition helper', 'easily create', 'nodes arrows', 'appear allowing', 'arrows appear']"
547073.0,"['toolbar actions', 'show shortcuts', 'shortcuts provides']"
547927.0,"['version bumps', 'feature touches', 'opening stream']"
548979.0,"['dom support', 'initial rewrite', 'rewrite support']"
549609.0,"['filtered accordingly', 'agains workbench', 'workbench activities', 'sections activities', 'explorer pages']"
551407.0,"['common methods', 'inherited types', 'adds common', 'uses stringbuilder', 'also adds']"
554491.0,"['rebrand formal', 'formal name', 'shall appear', 'logo shall', 'eclipse logo']"
553480.0,"['add search', 'code mining', 'annotation code', 'search keywords', 'keywords like']"
560592.0,"['relevant items', 'org validate', 'n document', 'n n']"
562277.0,"['would make', 'babel language', 'language packs', 'ease discovery', 'packs published']"
563334.0,"['pde launch', 'add versions', 'may cause', 'properly able', 'older version']"
563350.0,"['git command', 'command line', 'click enter', 'would like', 'visible tested']"
563506.0,"['ctrl keyword', 'type keywords']"
564036.0,"['minimum version', 'project issues', 'issues dev', 'dev html', 'need make']"
564046.0,"['ast part', 'dom ast']"
564471.0,"['set modifiers', 'class wizard', 'new class', 'non sealed', 'modifiers like']"
564473.0,"['new interface', 'set modifiers', 'interface wizard', 'non sealed', 'modifiers like']"
566714.0,"['record features', 'also record', 'jls html', 'interfaces enum', 'static interfaces']"
567174.0,"['js syntax', 'js file', 'text mode', 'attachment js', 'external js']"
568283.0,"['bug subtree', 'specific changes', 'classes specific', 'specs local', 'local statics']"
572417.0,"['tycho compiles', 'containing test', 'build test', 'currently tycho', 'test sources']"
573156.0,"['batch compiler', 'umbrella bug', 'compiler changes']"
573879.0,"['patterns taking', 'umbrella bug', 'design changes', 'available patterns', 'changes ast']"
573945.0,['support select']
573946.0,['investigate changes']
575056.0,"['guarding expression', 'pattern must', 'effectively final', 'guarded pattern', 'must either']"
575059.0,"['switch expression', 'expression must', 'compile time', 'error appropriately', 'error occurs']"
576786.0,"['sealed class', 'block covers', 'interface c', 'direct subclasses', 'permitted direct']"
555561.0,"['double click', 'opening properties', 'click shall', 'view double', 'properties view']"
526621.0,[]
529368.0,"['created attachment', 'displayed properly', 'new text', 'attachment sample', 'code w']"
