Bug ID,Bigrams
526539.0,"['works initially', 'working well', 'right click', 'workaround right', 'file right']"
521057.0,"['invoking code', 'log contains', 'attachment source', 'source end', 'source begin']"
515976.0,"['maven default', 'reflect method', 'maven plugin', 'maven lifecycle', 'method invoke']"
516277.0,"['capture since', 'console thank', 'also pasted', 'browser capturing', 'osgi capture']"
515243.0,"['mylyn git', 'git core', 'mylyn using', 'attachment log', 'bundle org']"
510223.0,"['jdt internal', 'eclipse jdt', 'jdt ui', 'platform problems', 'expression copy']"
516050.0,"['databinding observable', 'core databinding', 'workbench lambda', 'message framework', 'us command']"
517113.0,"['connector new', 'new nullpointerexception', 'class sun', 'override public', 'jobs worker']"
518095.0,"['search type', 'began seeing', 'simply reopening', 'fixed began', 'type graph']"
518449.0,"['compiler compiler', 'ast block', 'internal compiler', 'compiler ast', 'compiler parser']"
518895.0,"['worker os', 'none worker', 'project explorer', 'worker run', 'jobs worker']"
519367.0,"['package keyring', 'blocks development', 'fri jul', 'macosx arch', 'macosx ws']"
519414.0,"['new javascript', 'javascript code', 'make new', 'eclipse core', 'null java']"
521155.0,"['immediately aborting', 'core project', 'noticeable differences', 'going amiss', 'plugin org']"
521423.0,"['maven project', 'multi maven', 'omitted approx', 'compiled anymore', 'anymore oxygen']"
527126.0,"['workbench swt', 'renderers swt', 'workbench renderers', 'org eclipse', 'method invoke']"
531107.0,"['resources eclipse', 'io file', 'file users', 'jre lib', 'icon resources']"
536671.0,"['exception occurs', 'internal handlers', 'core contexts', 'ui handlers', 'handlers execute']"
536756.0,"['fresh download', 'click drop', 'complete fresh', 'clues though', 'newly created']"
537242.0,"['details date', 'swt widgets', 'renderers swt', 'session data', 'workbench swt']"
538056.0,"['equinox internal', 'equinox launcher', 'eclipse equinox', 'message unhandled', 'workbench renderers']"
539867.0,"['core dumping', 'created attachment', 'core dumps', 'written core', 'first result']"
540951.0,"['compiler compiler', 'compiler compile', 'internal events', 'internal compiler', 'compiler internal']"
541464.0,"['ui execute', 'jgit api', 'ui access', 'jgit transport', 'ui internal']"
549418.0,"['annotation processing', 'org eclipse', 'javax annotation', 'annotation processor', 'eclipse jdt']"
549737.0,"['core runtime', 'runtime adaptor', 'jface viewers', 'runtime internal', 'locked org']"
553620.0,"['eclipse core', 'core contexts', 'core commands', 'core internal', 'start eclipse']"
559561.0,"['eclipse ide', 'first time', 'problem occurs', 'following plugin', 'rap developers']"
563443.0,"['swt custom', 'swt swt', 'swt widgets', 'swt graphics', 'update url']"
564268.0,"['still persist', 'launching application', 'root user', 'problem still', 'eclipse workspace']"
565518.0,"['static void', 'snipped click', 'use reflection', 'attached snipped', 'area click']"
567299.0,"['transitive dependencies', 'maven gave', 'org eclipse', 'invalid transitive', 'swt components']"
568549.0,"['actions openfile', 'ui actions', 'core runtime', 'ui part', 'workbench message']"
569668.0,"['freshly installed', 'class test', 'well synchronized', 'public class', 'class package']"
569826.0,"['ui stack', 'action action', 'ui internal', 'automatically activating', 'lang class']"
570466.0,"['following besides', 'following error', 'invoke org', 'method invoke', 'ui warning']"
572177.0,"['swt error', 'swt graphics', 'swt events', 'swt gtk', 'eclipse swt']"
572194.0,"['working key', 'bitbucket git', 'git bitbucket', 'commandline git', 'bitbucket ch']"
572195.0,"['client future', 'jgit errors', 'jgit internal', 'eclipse jgit', 'sshd jgit']"
574877.0,"['project home', 'true repository', 'builder base', 'similar errors', 'data application']"
576836.0,"['windows java', 'name windows', 'product vm', 'vm info', 'server vm']"
577523.0,"['many apps', 'full colors', 'please assist', 'great rest', 'underlying emulator']"
512373.0,"['internal jobs', 'internal core', 'core internal', 'index perhaps', 'runtime jobs']"
513099.0,"['app eclipse', 'open diff', 'eclipse ide', 'eclipse ui', 'view open']"
514378.0,"['mar java', 'java lang', 'product eclipse', 'org runtime', 'org jface']"
516889.0,"['eclipse rcp', 'swt snippet', 'windows update', 'os seems', 'swt controls']"
517216.0,"['swt swt', 'swt error', 'workbench swt', 'swt widgets', 'eclipse swt']"
518916.0,"['jdt core', 'jdt versioning', 'eclipse jdt', 'error comes', 'file error']"
519046.0,"['method invoke', 'reflect method', 'widgets runnable', 'inspiring obviously', 'runtime internal']"
520283.0,"['package jee', 'jee product', 'arch product', 'product command', 'eclipse jdt']"
520315.0,"['os linux', 'linux ws', 'jul unhandled', 'constants os', 'fri jul']"
521144.0,"['vendor corporation', 'details date', 'date sat', 'command line', 'product command']"
526232.0,"['class access', 'class org', 'osgi weaving', 'class redefine', 'observable realm']"
526513.0,"['epp package', 'package modeling', 'run caused', 'jobs session', 'internal jobs']"
528695.0,"['lookup scope', 'scope get', 'cgi id', 'compiler ast', 'method profiling']"
528761.0,"['gotten worse', 'instances looking', 'randomly stopping', 'gotten slower', 'reset call']"
528941.0,"['runtime adaptor', 'completely freezes', 'core runtime', 'freezes ui', 'internal gtk']"
529683.0,"['eclipse r', 'resources workspace', 'core op', 'op pull', 'eclipse jgit']"
530499.0,"['internal ui', 'php internal', 'ui util', 'eclipse internal', 'internal core']"
531124.0,"['org eclipse', 'compiler error', 'compiler lookup', 'internal compiler', 'deprecated annotation']"
531302.0,"['created attachment', 'z method', 'application finally', 'jdt core', 'error exceptions']"
531319.0,"['memory overcoming', 'memory leak', 'trace configuration', 'features org', 'configuration details']"
531663.0,"['server vm', 'vm rmi', 'java io', 'tcp tcp', 'thread dump']"
533390.0,"['command line', 'line arguments', 'databinding observable', 'release candidate', 'workbench swt']"
534559.0,"['one workaround', 'import project', 'apache thrift', 'quick fix', 'suggestion suggests']"
535545.0,"['ui catalog', 'ui wizards', 'mpc ui', 'due timeouts', 'connect due']"
535927.0,"['zip note', 'problems occurred', 'jdt ui', 'ui text', 'text reconcile']"
539135.0,"['us framework', 'framework arguments', 'arguments os', 'workbench renderers', 'en us']"
539369.0,"['internal core', 'core internal', 'errors running', 'core runtime', 'core builder']"
539546.0,"['stackoverflow force', 'new task', 'constructors rcp', 'expression print', 'expression new']"
540948.0,"['created attachment', 'eclipse platform', 'widgets shell', 'platform swt', 'swt gtk']"
541531.0,"['one thing', 'java one', 'really fast', 'list string', 'string list']"
542799.0,"['maven plugins', 'jdk internal', 'est signing', 'package signing', 'java nio']"
545116.0,"['org eclipse', 'tried build', 'snippet therefore', 'works sometimes', 'code snippet']"
545366.0,"['ui properties', 'core java', 'jre settings', 'jface window', 'input string']"
548949.0,"['maven build', 'jars etc', 'file using', 'topic org', 'dependencies jars']"
549657.0,"['source code', 'builder never', 'binary form', 'completes forever', 'library source']"
551907.0,"['would like', 'swt internal', 'swt widgets', 'virtual machine', 'report please']"
553073.0,"['lambda run', 'sdk version', 'environment java', 'eclipse sdk', 'java virtual']"
559921.0,"['class sample', 'bug cgi', 'successful execution', 'see bug', 'sample main']"
560574.0,"['directory option', 'get rid', 'start debugging', 'system directory', 'issue regarding']"
560656.0,"['feature feature', 'git feature', 'package java', 'bottom page', 'rcp feature']"
560963.0,"['variable selection', 'selection children', 'property tester', 'ui model', 'launch ui']"
561633.0,"['null tooltip', 'tooltip null', 'see eclipse', 'true description', 'eclipse ide']"
564112.0,"['service unmarshal', 'formed invalid', 'invalid response', 'version invalid', 'service marketplace']"
564278.0,"['property access', 'property event', 'model property', 'java lang', 'lang reflect']"
564803.0,"['windows user', 'something particular', 'handler org', 'workspace install', 'ever cause']"
565976.0,"['loader module', 'module start', 'workbench information', 'internal runtime', 'runtime internal']"
567338.0,"['another source', 'renderers swt', 'workbench renderers', 'poms use', 'collect dependencies']"
568165.0,"['latest official', 'ide workbench', 'jdk bootloader', 'jre linux', 'address jar']"
568504.0,"['install tomcat', 'tomcat server', 'java installed', 'dialogs workbench', 'loader module']"
568556.0,"['product eclipse', 'details product', 'internal compiler', 'compiler parser', 'parser scanner']"
568606.0,"['diagnose diagnose', 'events build', 'string init', 'parser diagnose', 'offset count']"
569484.0,"['id macos', 'macos sur', 'scroll explicitly', 'single stepping', 'sur version']"
570357.0,"['current state', 'debugger show', 'int main', 'program finishes', 'main puts']"
572634.0,"['following exception', 'internal loader', 'function supplier', 'loader buddy', 'lang classloader']"
575650.0,"['near impossible', 'hangs windows', 'task manager', 'documents folder', 'eclipse crashed']"
576278.0,"['internal compiler', 'compiler class', 'eclipse jdt', 'jdt internal', 'recent eclipse']"
510605.0,"['c c', 'c remote', 'remote remote', 'c executable', 'remote internal']"
512985.0,"['internal app', 'editor error', 'local file', 'app eclipse', 'open editor']"
513744.0,"['egit ui', 'eclipse egit', 'repositories view', 'put c', 'search pop']"
514617.0,"['hashcode function', 'shorter name', 'error hello', 'remove one', 'java file']"
515209.0,"['graphical note', 'project class', 'one thanks', 'whole member', 'source target']"
515308.0,"['used workspace', 'last used', 'sierra please', 'macbook pro', 'macos sierra']"
515953.0,"['ui trace', 'id started', 'eclipse ui', 'container module', 'enabling components']"
516038.0,"['internal ui', 'internal core', 'jdt internal', 'ui thread', 'ui texteditor']"
517014.0,"['action action', 'action menu', 'eclipse action', 'trace java', 'workbench session']"
517791.0,"['java lang', 'org eclipse', 'download jars', 'org apache', 'eclipse aether']"
519343.0,"['project accept', 'jdt versioning', 'left nav', 'terminal type', 'mac os']"
520073.0,"['operation public', 'public operation', 'public element', 'element public', 'public class']"
520149.0,"['following exception', 'trust manager', 'manager refresh', 'exception java', 'issue updating']"
520234.0,"['refresh update', 'tree nodes', 'mars neon', 'project tree', 'versions mars']"
520287.0,"['quick fix', 'allow configuring', 'configure problem', 'new spammy', 'least one']"
522097.0,"['eclipse debug', 'nullpointerexception java', 'java lang', 'ui debug', 'org eclipse']"
526206.0,"['compiling correctly', 'create detailed', 'detailed stacktrace', 'jdt internal', 'hotspot bit']"
526533.0,"['action summary', 'summary eclipse', 'blocking issue', 'line start', 'icon yet']"
526974.0,"['modifies invalidates', 'sth like', 'data changes', 'removing lines', 'base event']"
527953.0,"['resolved errors', 'cdt behaves', 'c c', 'significant problem', 'coding pattern']"
528109.0,"['apparently happened', 'two files', 'compiled type', 'syntax error', 'pb syntax']"
531037.0,"['os mac', 'mac os', 'version photon', 'sdk version', 'java lang']"
531499.0,"['macos added', 'git repos', 'showing loading', 'refactoring deleting', 'team provider']"
531870.0,"['start seeing', 'seeing errors', 'following exception', 'exe environment', 'jdt internal']"
534355.0,"['widgets display', 'display window', 'display run', 'equinox launcher', 'bundle org']"
534563.0,"['attached screenshots', 'option substitutions', 'attachment screenshots', 'feature entering', 'really drive']"
534732.0,"['framework arguments', 'arguments product', 'release codename', 'line arguments', 'generic ubuntu']"
536281.0,"['jface window', 'jface dialogs', 'jface wizard', 'eclipse jface', 'runtime internal']"
537019.0,"['thread run', 'lang thread', 'version vendor', 'debug output', 'compiler compiler']"
538059.0,"['market market', 'eclipse market', 'main invoke', 'launcher main', 'sun reflect']"
540039.0,"['layout griddata', 'displayed java', 'swt widgets', 'java lang', 'widgets composite']"
540405.0,"['right click', 'make sure', 'version repeat', 'git projects', 'project move']"
540528.0,"['vendor version', 'version claim', 'version underlying', 'os version', 'also version']"
542265.0,"['jface jar', 'macosx org', 'macosx jar', 'eclipse jface', 'jar org']"
542514.0,"['simple scenario', 'time let', 'change affects', 'one plugin', 'trivial change']"
542675.0,"['gtk gtk', 'widgets display', 'gtk main', 'widgets widget', 'gtk version']"
542830.0,"['ui internal', 'ui texteditor', 'take ui', 'ui actions', 'eclipse ui']"
544897.0,"['view lambda', 'workbench lambda', 'util lambda', 'lang reflect', 'reflect method']"
545180.0,"['event send', 'impl send', 'emf notify', 'osgi framework', 'widgets display']"
545307.0,"['org eclipse', 'whitespace character', 'configuration org', 'eclipse generates', 'reports error']"
545684.0,"['times till', 'sshd jgit', 'sshd client', 'push pull', 'error fri']"
545826.0,"['compiler configuration', 'zero callers', 'basically since', 'functionality also', 'callers even']"
546668.0,"['ui configuration', 'installed features', 'properly updated', 'ide installed', 'eclipse ide']"
547409.0,"['cli everything', 'via cli', 'test project', 'attached project', 'project via']"
548571.0,"['version build', 'internal jobs', 'installer version', 'installer log', 'internal core']"
548790.0,"['world std', 'std endl', 'std vector', 'std cout', 'resolve std']"
548961.0,"['equinox internal', 'observable realm', 'ui internal', 'internal adaptor', 'jdk internal']"
551389.0,"['sun misc', 'start fine', 'attachment workspace', 'created attachment', 'runner run']"
553581.0,"['editor observed', 'observed causes', 'freeze happened', 'html editor', 'editor steps']"
558531.0,"['version vendor', 'w workspace', 'amazon com', 'vendor amazon', 'product w']"
558588.0,"['java lang', 'java net', 'getting java', 'runs properly', 'java maven']"
559009.0,"['org eclipse', 'eclipse sets', 'eclipse jdt', 'jdt internal', 'current directory']"
559010.0,"['pom xml', 'test classpath', 'understand eclipse', 'bank msg', 'misc launcher']"
559011.0,"['test work', 'dependencies however', 'pom xml', 'sun misc', 'malformed test']"
559084.0,"['requires org', 'resolve dependencies', 'details help', 'resolve project', 'rcp feature']"
560091.0,"['type resolution', 'inline rename', 'types impl', 'first rename', 'pressing enter']"
561597.0,"['start org', 'jface util', 'lambda org', 'org eclipse', 'error window']"
561642.0,"['nothing special', 'log created', 'lang nullpointerexception', 'vendor oracle', 'epp package']"
561988.0,"['jobs message', 'log entry', 'lucene store', 'another file', 'entry org']"
562010.0,"['installed features', 'eclipse platform', 'ide installed', 'open preferences', 'configuration details']"
562309.0,"['shows entry', 'core runtime', 'internal ui', 'ui internal', 'jdk internal']"
562566.0,"['dialog frequently', 'eclipse ui', 'swt swt', 'ui viewers', 'equinox launcher']"
564679.0,"['us framework', 'eclipse ui', 'org eclipse', 'eclipse equinox', 'arch product']"
565222.0,"['project configurator', 'epp package', 'jobs worker', 'package jee', 'maven update']"
566938.0,"['running pool', 'concurrent rejected', 'daemon threads', 'util concurrent', 'concurrent executors']"
567191.0,"['bootloader constants', 'compressed references', 'core hierarchy', 'open type', 'type hierarchy']"
567434.0,"['selecting help', 'internal jobs', 'internal ui', 'equinox internal', 'help installation']"
567571.0,"['ws gtk', 'gtk arch', 'gtk nl', 'clean command', 'nl en']"
568848.0,"['plugins may', 'system one', 'tools feature', 'modelling tools', 'dialog deleting']"
569934.0,"['eclipse inserts', 'eclipse enterprise', 'eclipse versions', 'previous eclipse', 'instead get']"
570510.0,"['error similar', 'tweaked java', 'javac commands', 'java se', 'preferences tweaked']"
571637.0,"['core op', 'transport transport', 'eclipse core', 'egit core', 'org eclipse']"
573230.0,"['section without', 'specified dependency', 'pom dependencies', 'pom xml', 'workbench jar']"
577046.0,"['wizard wizard', 'handlers wizard', 'jface wizard', 'plug ins', 'internal actions']"
509800.0,"['process currently', 'recommend moving', 'honor goes', 'x releases', 'maintains two']"
509832.0,"['java lang', 'parsing main', 'dom parser', 'message error', 'dom ast']"
509835.0,"['jface operation', 'ui org', 'automated error', 'reporting message', 'following problem']"
509999.0,"['databinding observable', 'context iteration', 'realm run', 'observable realm', 'trace java']"
510222.0,"['org eclipse', 'still works', 'building org', 'still cached', 'gerrit build']"
510515.0,"['window still', 'still looks', 'ui internal', 'internal jobs', 'egit ui']"
510591.0,"['compare compare', 'java lang', 'php compare', 'eclipse compare', 'click changed']"
510777.0,"['disposed color', 'ide application', 'attachment screenshot', 'new colors', 'created attachment']"
511027.0,"['test core', 'report failure', 'core runtime', 'eclipse test', 'equinox app']"
511148.0,"['error running', 'running resulting', 'java start', 'java net', 'main java']"
511202.0,"['resources resources', 'core resources', 'module run', 'internal resources', 'resources workspace']"
511232.0,"['projection projection', 'source projection', 'exception org', 'text source', 'following problem']"
511314.0,"['error details', 'details date', 'info product', 'swt widgets', 'widgets synchronize']"
511343.0,"['created attachment', 'frequently crashing', 'attachment eclipse', 'crashing due', 'eclipse ui']"
511345.0,"['crashing due', 'widgets widget', 'frequently crashing', 'created attachment', 'widgets display']"
511350.0,"['problem error', 'trace java', 'error details', 'command line', 'stack trace']"
511636.0,"['java util', 'di method', 'command execute', 'internal di', 'control keydown']"
511637.0,"['log log', 'org ui', 'views log', 'internal ide', 'ui internal']"
511697.0,"['stack trace', 'java lang', 'core di', 'equinox launcher', 'core runtime']"
511858.0,"['project add', 'nodes entry', 'entry org', 'util run', 'add another']"
512029.0,"['configuration entry', 'end configuration', 'parent sun', 'debug project', 'true debug']"
512123.0,"['lang reflect', 'sun reflect', 'reflect method', 'lang class', 'inbox created']"
512274.0,"['java model', 'deadlock using', 'showing deadlock', 'created attachment', 'main prio']"
512414.0,"['created behalf', 'internal jobs', 'automated error', 'jdt ui', 'eclipse ui']"
512766.0,"['jobs worker', 'possible cause', 'core index', 'internal jobs', 'semantics eval']"
512788.0,"['java lang', 'reporting message', 'parsing home', 'home rdt', 'error reporting']"
513141.0,"['maven leverages', 'error log', 'hover tool', 'extend modify', 'exposes javax']"
513156.0,"['pick merge', 'r hitting', 'lang nullpointerexception', 'conflicting merged', 'worker run']"
513238.0,"['lookup scope', 'stream stream', 'stream class', 'null edit', 'scope get']"
513288.0,"['de framework', 'de de', 'nl de', 'preference preference', 'jface viewers']"
513371.0,"['java index', 'arch ws', 'vendor oracle', 'ws nl', 'os arch']"
513440.0,"['ast expression', 'expression evaluate', 'expression copy', 'expression resolve', 'exception java']"
513454.0,"['state java', 'inconsistent state', 'org eclipse', 'different version', 'util lambda']"
513567.0,"['foo test', 'java project', 'project using', 'class foo', 'javac works']"
513730.0,"['clean org', 'product clean', 'arguments os', 'constants os', 'thread run']"
513760.0,"['eclipse cdt', 'language settings', 'cdt internal', 'resources workspace', 'log view']"
513951.0,"['eclipse jarsigner', 'lifecycle internal', 'internal lifecycle', 'org eclipse', 'jarsigner sign']"
514036.0,"['views problem', 'following problem', 'ui views', 'reported via', 'bundles org']"
514075.0,"['package product', 'file c', 'eclipse osgi', 'package jee', 'product line']"
514113.0,"['core runtime', 'runtime assertion', 'runtime adaptor', 'runtime assert', 'runtime internal']"
514175.0,"['jar appears', 'icu jar', 'jobs job', 'job run', 'references jar']"
514218.0,"['java code', 'pressing ctrl', 'core contexts', 'util code', 'di method']"
514228.0,"['party plug', 'third party', 'dom ast', 'ast block', 'runtime org']"
514237.0,"['data thank', 'collected data', 'jface viewers', 'widgets tree', 'resources workspace']"
514339.0,"['exception org', 'dom rewrite', 'internal jobs', 'jobs worker', 'core dom']"
514361.0,"['eclipse equinox', 'vendor oracle', 'equinox transport', 'product org', 'maven build']"
514436.0,"['would need', 'control init', 'widgets widget', 'free space', 'sp free']"
514584.0,"['prio tid', 'key press', 'saying bye', 'text link', 'link content']"
514895.0,"['swt swt', 'core runtime', 'swt graphics', 'swt widgets', 'swt error']"
515407.0,"['extra component', 'constructors rcp', 'problem occurred', 'still get', 'already tried']"
515760.0,"['compiler ast', 'expression get', 'project via', 'ast expression', 'stack trace']"
515996.0,"['gz used', 'installation since', 'installation details', '→ installation', 'swt custom']"
516015.0,"['javac exe', 'exe bytecode', 'easy workaround', 'byte int', 'concurrent callable']"
516140.0,"['swt widgets', 'java lang', 'widgets control', 'widgets widget', 'model basic']"
516339.0,"['program files', 'files java', 'severity error', 'vendor oracle', 'oracle corporation']"
516543.0,"['org jdt', 'suite protect', 'org eclipse', 'tests model', 'core tests']"
516560.0,"['correct type', 'jdt feature', 'build id', 'better ways', 'eclipse jdt']"
516736.0,"['swt swt', 'swt error', 'eclipse jface', 'jface viewers', 'eclipse swt']"
516795.0,"['slow startup', 'showing org', 'org eclipse', 'reflect constructor', 'startup times']"
516831.0,"['bundle eclipse', 'eclipse egit', 'cdt bundle', 'eclipse oxygen', 'eclipse core']"
516949.0,"['wrapping cell', 'bug cgi', 'message reported', 'full scala', 'almost never']"
516987.0,"['toolbar icon', 'storage toolbar', 'reports inbox', 'following comment', 'oauth ui']"
517040.0,"['java base', 'base java', 'core internal', 'base lang', 'internal framework']"
517495.0,"['supported jdk', 'impl call', 'internal registry', 'get java', 'project registry']"
517701.0,"['reflect method', 'vm options', 'method invoke', 'special vm', 'running sdk']"
517709.0,"['attached screenshot', 'font attributes', 'dark blue', 'runtime dependent', 'attachment current']"
518041.0,"['org eclipse', 'freshly rebuild', 'nd java', 'minutes long', 'rebuild index']"
518201.0,"['path create', 'info file', 'steps create', 'build path', 'lang nullpointerexception']"
518291.0,"['org eclipse', 'code base', 'java project', 'compiler ast', 'lang nullpointerexception']"
518584.0,"['anonymous wrote', 'swt org', 'comment anonymous', 'eclipse swt', 'workbench swt']"
518904.0,"['currently failing', 'pde impl', 'pde build', 'script failed', 'setup script']"
519077.0,"['big dialog', 'core runtime', 'widgets runnable', 'dialog show', 'gz installer']"
519103.0,"['swt widgets', 'widgets combo', 'system limit', 'eclipse swt', 'operating system']"
519140.0,"['core runtime', 'runtime core', 'core op', 'package java', 'core internal']"
519150.0,"['member get', 'internal ui', 'internal core', 'lang nullpointerexception', 'jdt internal']"
519214.0,"['core compilation', 'jdt core', 'core java', 'core error', 'module info']"
519538.0,"['log view', 'internal core', 'sql driver', 'following module', 'refactoring refactoring']"
519610.0,"['display table', 'automatic bug', 'table wm', 'wm notify', 'following code']"
519800.0,"['plugins org', 'bundle org', 'core jar', 'org apache', 'osgi bundle']"
519881.0,"['compiler compiler', 'compiler process', 'internal compiler', 'compiler ast', 'lang nullpointerexception']"
519892.0,"['happened error', 'error details', 'dom process', 'dom binding', 'dom resolve']"
519953.0,"['eclipse platform', 'eclipse workspace', 'data eclipse', 'eclipse core', 'line arguments']"
519984.0,"['normal except', 'core launch', 'launch launch', 'ui debug', 'debug internal']"
520208.0,"['message plug', 'cdt ui', 'installed features', 'ui message', 'debug perspective']"
520341.0,"['exception stack', 'problem activate', 'reflect method', 'main run', 'main invoke']"
520365.0,"['internal ide', 'internal app', 'internal workbench', 'history recorder', 'ide application']"
520452.0,"['bootloader constants', 'dom resolve', 'constants os', 'dom binding', 'problem go']"
520832.0,"['attachment sources', 'build sources', 'dom ast', 'use java', 'compiler ast']"
521446.0,"['compiler lookup', 'lookup lookup', 'issue use', 'attachment code', 'top part']"
521909.0,"['widgets event', 'swt widgets', 'linux windows', 'core commands', 'following problem']"
522569.0,"['two exports', 'multiple source', 'module info', 'core entries', 'generated module']"
524659.0,"['util zip', 'compliance unzipping', 'elapsed process', 'packages global', 'source zip']"
525287.0,"['repository items', 'comparison method', 'internal app', 'internal error', 'equinox internal']"
525360.0,"['java product', 'java lang', 'stack java', 'package java', 'java base']"
525388.0,"['reported via', 'ui org', 'xtext ui', 'workbench org', 'expressions property']"
525419.0,"['javax annotation', 'jdk set', 'command line', 'line arguments', 'jdk today']"
525543.0,"['jface operation', 'workspace checkpoint', 'change platform', 'platform resource', 'eclipse jface']"
525592.0,"['nullpointerexception null', 'reports inbox', 'inbox created', 'lang nullpointerexception', 'error reports']"
525661.0,"['installer installer', 'internal installer', 'installer exe', 'core runtime', 'vmware fusion']"
525770.0,"['internal error', 'error internal', 'org codehaus', 'downloaded error', 'codehaus plexus']"
525891.0,"['core commands', 'eclipse core', 'endless wait', 'listener finished', 'update listener']"
526045.0,"['epp package', 'eclipse epp', 'package java', 'additional info', 'core groups']"
526208.0,"['eclipse jdt', 'launchers start', 'jdt launching', 'internal ui', 'internal core']"
526408.0,"['jdt internal', 'equinox internal', 'internal app', 'files lines', 'internal ui']"
526694.0,"['bug report', 'long known', 'known bug', 'tree editor', 'blue lines']"
526735.0,"['eclipse plugin', 'plugin org', 'command line', 'data eclipse', 'eclipse help']"
526791.0,"['launcher launcher', 'eclipse jdt', 'sun launcher', 'play java', 'jdt launching']"
526792.0,"['updates via', 'g installing', 'feature org', 'id updater', 'build id']"
526811.0,"['intro css', 'css marketplace', 'jface resource', 'ui internal', 'platform org']"
526922.0,"['registry configuration', 'services source', 'axis configuration', 'internal services', 'org apache']"
527011.0,"['compare compare', 'ui compare', 'core dom', 'compare java', 'position init']"
527091.0,"['parameter list', 'automatically created', 'actual behaviour', 'example web', 'parameters used']"
527116.0,"['lookup lookup', 'process stops', 'epp package', 'build process', 'events build']"
527188.0,"['value diff', 'invalid value', 'git config', 'vendor oracle', 'java vendor']"
527670.0,"['jdt core', 'arrays stream', 'dialogs dialog', 'move another', 'move move']"
527707.0,"['error reports', 'visit problems', 'automated error', 'epp internal', 'error reporting']"
527796.0,"['arch ws', 'ws gtk', 'preference preference', 'jface util', 'linux ws']"
527962.0,"['schedule return', 'create plug', 'revealed due', 'sometimes breaks', 'new java']"
528073.0,"['also contains', 'java versions', 'new java', 'file also', 'another resource']"
528360.0,"['understood surefire', 'class using', 'folder src', 'src main', 'test class']"
528459.0,"['event event', 'eclipse emf', 'events event', 'eclipse ui', 'application ui']"
528725.0,"['compiler jar', 'jdt compiler', 'jdt jar', 'misc launcher', 'main caused']"
529005.0,"['reported via', 'reporting message', 'error reporting', 'osgi internal', 'java lang']"
529160.0,"['programming code', 'java search', 'java vendor', 'java version', 'version java']"
529168.0,"['dependency manually', 'works fine', 'internal junit', 'org junit', 'adding org']"
529176.0,"['vendor oracle', 'compiler scope', 'oracle corporation', 'java nullpointerexception', 'compiler ast']"
529330.0,"['data thank', 'message problems', 'git staging', 'visit problems', 'inbox created']"
529343.0,"['java util', 'java lang', 'java version', 'pde api', 'tue jan']"
529348.0,"['type release', 'build type', 'cmake g', 'events build', 'internal events']"
529387.0,"['jdt internal', 'internal navigator', 'internal ui', 'ui internal', 'internal core']"
529471.0,"['build id', 'static final', 'initializer method', 'compiler produces', 'switch table']"
529521.0,"['exception worked', 'cdt make', 'log message', 'eclipse cdt', 'eclipse ui']"
530024.0,"['modules declaration', 'java lang', 'java search', 'search java', 'st java']"
530031.0,"['reflect constructor', 'surefire configuration', 'lang class', 'samples tree', 'junit platform']"
530157.0,"['thread state', 'state runnable', 'swt internal', 'egit ui', 'swt widgets']"
530286.0,"['automated error', 'source code', 'package committers', 'fresh javase', 'org dom']"
530521.0,"['mpc ui', 'ui workbench', 'corporation bootloader', 'realm run', 'workbench swt']"
530524.0,"['director offline', 'offline false', 'mylyn ide', 'dependencies computing', 'xml ui']"
530560.0,"['release build', 'build id', 'util jdt', 'oxygen release', 'version oxygen']"
530765.0,"['org sonatype', 'info eclipse', 'log info', 'org eclipse', 'framework arguments']"
530789.0,"['correct declaration', 'never gone', 'code base', 'problem go', 'false errors']"
530799.0,"['internal app', 'internal ide', 'runtime internal', 'internal reflect', 'equinox internal']"
530934.0,"['services null', 'eclipse services', 'jsonrpc services', 'eclipse message', 'accept eclipse']"
530938.0,"['core runtime', 'runtime internal', 'org runtime', 'runtime adaptor', 'resolve problem']"
531017.0,"['save failed', 'contents const', 'operation lambda', 'ui save', 'actions workspace']"
531278.0,"['info java', 'workspace seems', 'eclipse seems', 'java files', 'rather largish']"
531325.0,"['generation get', 'ui internal', 'realm run', 'eclipse ui', 'observable realm']"
531387.0,"['bootloader constants', 'command line', 'tool suite', 'branding command', 'problem error']"
531400.0,"['mtl file', 'text file', 'dsl metamodel', 'file c', 'thread main']"
531446.0,"['created attachment', 'two workspaces', 'eclipse equinox', 'linux linux', 'toolbar icons']"
531494.0,"['error message', 'submission configuration', 'message box', 'guessing maybe', 'details product']"
531637.0,"['jdt core', 'core internal', 'eclipse core', 'epp package', 'java sources']"
531749.0,"['lang nullpointerexception', 'get method', 'eclipse jdt', 'lookup scope', 'eclipse internal']"
531794.0,"['working sets', 'version photon', 'jface java', 'sets java', 'jface viewers']"
531831.0,"['still remain', 'jdt core', 'jdt annotation', 'annotation src', 'loading jdt']"
532159.0,"['lang array', 'right click', 'sun nio', 'com sun', 'java lang']"
532281.0,"['switched default', 'launching launching', 'ws nl', 'jobs worker', 'default jre']"
532392.0,"['java lang', 'stack trace', 'trace java', 'framework arguments', 'markers markers']"
532404.0,"['event event', 'select non', 'model application', 'application remains', 'common notify']"
532432.0,"['sdk ide', 'also shown', 'eclipse r', 'eclipse sdk', 'launched eclipse']"
532492.0,"['constants os', 'bootloader constants', 'java version', 'version java', 'shift g']"
532685.0,"['internal di', 'core di', 'details date', 'nl ko', 'package jee']"
532843.0,"['corporation bootloader', 'oracle corporation', 'os ws', 'ws nl', 'reflect invoke']"
532901.0,"['search matching', 'indexer crash', 'jobs error', 'index query', 'plugins org']"
532927.0,"['eclipse pde', 'jobs worker', 'pde api', 'baseline used', 'os arch']"
533250.0,"['problems occurred', 'detach missing', 'jdt integration', 'integration build', 'missing parenthesis']"
533615.0,"['term term', 'term new', 'new term', 'term try', 'throw new']"
533794.0,"['workbench swt', 'swt widgets', 'swt custom', 'lang reflect', 'jface util']"
534081.0,"['tree element', 'tree getdata', 'java application', 'bin java', 'home bin']"
534227.0,"['toolbar getitem', 'sun reflect', 'widgets toolbar', 'ui internal', 'events ui']"
534283.0,"['gradle project', 'compiles fine', 'compiler lookup', 'javac steps', 'code compiles']"
534358.0,"['false always', 'proposal would', 'void remove', 'protected void', 'method protected']"
534572.0,"['modules javafx', 'simple javafx', 'module javafx', 'benötigte javafx', 'javafx runtime']"
535164.0,"['two observed', 'user abstract', 'editor none', 'subclassing task', 'classes task']"
535240.0,"['use maven', 'project use', 'first problem', 'see two', 'module exporting']"
535241.0,"['requires transitive', 'pom xml', 'editor eg', 'eclipse feature', 'missed something']"
535528.0,"['working fine', 'epp package', 'core runtime', 'core databinding', 'created attachment']"
536136.0,"['line arguments', 'epp package', 'arguments product', 'arguments os', 'framework arguments']"
536167.0,"['index file', 'exception org', 'open anymore', 'core di', 'file users']"
536219.0,"['bar also', 'unusable also', 'like navigate', 'also note', 'items like']"
536273.0,"['info class', 'class even', 'java ee', 'eclipse eclipse', 'code select']"
536419.0,"['jface wizard', 'wizard menu', 'handlers wizard', 'target wizard', 'cast exception']"
536516.0,"['constants os', 'product command', 'command line', 'product data', 'framework util']"
536663.0,"['software ubuntu', 'parts even', 'dpi scaling', 'install eclipse', 'eclipse actual']"
536764.0,"['java lang', 'dialog close', 'top right', 'dialog lambda', 'x button']"
536824.0,"['core runtime', 'core commands', 'core contexts', 'click help', 'net uri']"
536905.0,"['lang reflect', 'lang thread', 'nid runnable', 'java lang', 'complete stacktrace']"
537042.0,"['widgets widget', 'widgets display', 'jface util', 'swt widgets', 'jface viewers']"
537049.0,"['file viewer', 'class file', 'given input', 'product exception', 'us framework']"
537085.0,"['java lang', 'java version', 'version java', 'lang reflect', 'lang illegal']"
537123.0,"['looks like', 'ix experiencing', 'users ix', 'subsequent reads', 'user experience']"
537494.0,"['product exception', 'trace java', 'java product', 'product command', 'internal hooks']"
537495.0,"['eclipse epp', 'app eclipse', 'eclipse equinox', 'adaptor eclipse', 'org eclipse']"
537509.0,"['warnings like', 'php internal', 'eclipse php', 'internal events', 'resources workspace']"
537567.0,"['eclipse install', 'swt widgets', 'eclipse swt', 'install add', 'second addition']"
537704.0,"['widgets widget', 'sun reflect', 'internal handlers', 'equinox launcher', 'renderers swt']"
537717.0,"['internal adaptor', 'ide application', 'runtime adaptor', 'internal mpc', 'main invoke']"
537743.0,"['core contexts', 'exception stack', 'stack org', 'internal mpc', 'mpc ui']"
537746.0,"['jobs worker', 'data visit', 'worker run', 'data thank', 'collected data']"
537760.0,"['reflect invoke', 'git config', 'core commands', 'previous command', 'reflect method']"
537831.0,"['vanilla gnome', 'commit text', 'default dark', 'picture attached', 'using vanilla']"
537851.0,"['build path', 'path libraries', 'java build', 'fixture jars', 'code breaks']"
538224.0,"['java lang', 'suite protect', 'protect suite', 'container expected', 'expected null']"
538231.0,"['part org', 'internal workbench', 'org eclipse', 'ui internal', 'swt part']"
538445.0,"['analyser immediately', 'c project', 'suit different', 'index whenever', 'header file']"
538805.0,"['save could', 'text editor', 'started additional', 'mount point', 'multiple times']"
538955.0,"['certificate authority', 'eclipse match', 'restarted cn', 'mine bare', 'secure certificate']"
538966.0,"['base error', 'help base', 'eclipse help', 'search indexing', 'thread run']"
539000.0,"['classes execute', 'public class', 'class method', 'multiple junit', 'test classes']"
539194.0,"['plugin natural', 'clicking ok', 'ide ui', 'ok button', 'adding editors']"
539578.0,"['core builder', 'running spring', 'internal core', 'lookup lookup', 'jdt builder']"
539902.0,"['action chmod', 'installer version', 'equinox engine', 'problems occurred', 'ui wizards']"
540043.0,"['junit runner', 'runner junit', 'runner schedule', 'non private', 'private non']"
540044.0,"['core runtime', 'core builder', 'running builds', 'following stack', 'events build']"
540316.0,"['please notice', 'occured see', 'error occured', 'small git', 'instance data']"
540400.0,"['command line', 'eclipse epp', 'line arguments', 'eclipse jdt', 'eclipse core']"
540407.0,"['created attachment', 'eclipse using', 'using assertion', 'assertion mechanisms', 'util arraylist']"
540463.0,"['impl start', 'impl activate', 'transaction impl', 'impl transaction', 'core contexts']"
540479.0,"['framework equinox', 'jgit lfs', 'id os', 'os linux', 'egit feature']"
540497.0,"['ui views', 'move blocking', 'jobs remove', 'ui css', 'jdt core']"
540753.0,"['org eclipse', 'eclipse swt', 'backend org', 'right change', 'broken hovering']"
540888.0,"['invoking code', 'vendor oracle', 'oracle corporation', 'eclipse ui', 'ui texteditor']"
541289.0,"['problems occurred', 'org eclipse', 'contexts eclipse', 'views console', 'part invalidate']"
541569.0,"['us command', 'feed feed', 'core jobs', 'core internal', 'org eclipse']"
541591.0,"['assists stack', 'jdt internal', 'quick assists', 'processing quick', 'eclipse jdt']"
541771.0,"['daemon prio', 'prio tid', 'jface text', 'eclipse ide', 'java lang']"
542426.0,"['configuration org', 'eclipse configuration', 'example instead', 'undefined symbol', 'get type']"
542584.0,"['latest data', 'following problem', 'view create', 'core di', 'jface action']"
542585.0,"['jface org', 'bundles org', 'eclipse jface', 'message java', 'execute bundles']"
542586.0,"['compatibility compatibility', 'org eclipse', 'bundles org', 'eclipse swt', 'di org']"
542587.0,"['method invoke', 'reflect method', 'eclipse core', 'friendly reports', 'following problem']"
542590.0,"['view model', 'model internal', 'renderer convert', 'reporting message', 'spi core']"
542591.0,"['report reports', 'synthetic stack', 'common report', 'logged without', 'realm exec']"
542592.0,"['renderer convert', 'renderer gettext', 'renderer render', 'swt renderer', 'common report']"
542594.0,"['emf ecore', 'preview common', 'common preview', 'ecore impl', 'following problem']"
542595.0,"['view internal', 'view access', 'ui internal', 'view spi', 'following problem']"
542596.0,"['spi core', 'ecore impl', 'impl activate', 'core runtime', 'view spi']"
542598.0,"['jdt core', 'core jobs', 'core util', 'core workspace', 'eclipse jdt']"
542600.0,"['refresh gradle', 'gradle project', 'data thank', 'eclipse core', 'core util']"
542601.0,"['operating systems', 'longer anonymous', 'eclipse jdt', 'systems linux', 'jdt internal']"
542602.0,"['invoke invoke', 'eclipse jdt', 'systems linux', 'eclipse core', 'latest data']"
542603.0,"['systems linux', 'operating systems', 'internal jobs', 'reporter left', 'internal resources']"
542604.0,"['internal resources', 'reports inbox', 'core resources', 'internal core', 'core internal']"
542605.0,"['reported via', 'jobs worker', 'refresh gradle', 'project action', 'automated error']"
542944.0,"['eclipse epp', 'java lang', 'epp package', 'lang nullpointerexception', 'corporation bootloader']"
542951.0,"['dialog messages', 'explorer set', 'project presentation', 'worker run', 'events resource']"
543032.0,"['event event', 'unhandled event', 'message unhandled', 'events event', 'event loop']"
543100.0,"['module project', 'blocks everything', 'clean project', 'project consists', 'log file']"
543308.0,"['execution execution', 'reselect gridlayout', 'internal error', 'display run', 'internal core']"
543309.0,"['anymore although', 'internal error', 'swt widgets', 'widgets display', 'org eclipse']"
543310.0,"['method invoke', 'org jface', 'internal app', 'photon recently', 'stays empty']"
543329.0,"['dump size', 'jdt internal', 'eclipse jdt', 'ast found', 'ui ast']"
543556.0,"['epp internal', 'ui wizards', 'eclipse epp', 'search tab', 'java lang']"
543646.0,"['following error', 'source source', 'formatter format', 'core dom', 'dom block']"
543648.0,"['mac osx', 'os mac', 'cocoa mac', 'osx jface', 'desktop application']"
544023.0,"['repo omni', 'projects except', 'omni test', 'always trigger', 'omni util']"
544100.0,"['seem right', 'quotes since', 'truly logged', 'confusing since', 'sill logged']"
544208.0,"['widgets display', 'ui progress', 'progress ui', 'workspace almost', 'switch repos']"
544212.0,"['org eclipse', 'eclipse ui', 'ui workbench']"
544607.0,"['path classpath', 'build path', 'using eclipse', 'eclipse running', 'editor gives']"
544699.0,"['following stack', 'preference enabled', 'eclipse operations', 'eclipse jface', 'eclipse swt']"
544712.0,"['another source', 'error always', 'build works', 'always occurred', 'maven build']"
544718.0,"['menu item', 'menu org', 'observable realm', 'perspective menu', 'equinox launcher']"
544885.0,"['classes exceeds', 'classes add', 'b add', 'add b', 'something like']"
544896.0,"['message sample', 'ui freeze', 'stack stack', 'zipfile init', 'message ui']"
545054.0,"['missing type', 'files tooltip', 'internal model', 'model api', 'class files']"
545238.0,"['may need', 'parser registration', 'without ui', 'rcp without', 'emf ecore']"
545272.0,"['specifically triggers', 'widgets display', 'java base', 'base java', 'ide application']"
545295.0,"['reproduced also', 'cell coloring', 'rcp app', 'attachment cell', 'jar org']"
545310.0,"['api part', 'swt part', 'edit api', 'api figure', 'part paint']"
545445.0,"['de de', 'eclipse jface', 'jface operation', 'jface commands', 'widgets display']"
545525.0,"['switch case', 'main new', 'foo switch', 'void main', 'new foo']"
545618.0,"['loop exception', 'bootloader constants', 'ui error', 'constants os', 'following error']"
545709.0,"['build id', 'finds none', 'irrelevant lines', 'version build', 'strangely removing']"
545765.0,"['following exception', 'title could', 'jdt internal', 'internal runner', 'internal junit']"
545821.0,"['lambda plugin', 'cli check', 'widget check', 'hierarchy option', 'view opens']"
545838.0,"['new system', 'println system', 'find exact', 'past eclipse', 'build id']"
545879.0,"['run takes', 'worked well', 'java lang', 'several libraries', 'lang nullpointerexception']"
545895.0,"['details date', 'compiler compiler', 'compiler compile', 'compiler lookup', 'core session']"
545896.0,"['ws nl', 'profile click', 'bootloader constants', 'nl en', 'click edit']"
546092.0,"['jface text', 'session data', 'date wed', 'two javascript', 'text position']"
546261.0,"['system variable', 'bin path', 'problem exist', 'java project', 'command prompt']"
546536.0,"['unhandled event', 'product unhandled', 'event loop', 'first time', 'loop exception']"
546740.0,"['first line', 'build id', 'line org', 'lang nullpointerexception', 'util sorting']"
546883.0,"['close reopen', 'save close', 'new element', 'new connection', 'problem thanks']"
546970.0,"['ws work', 'ws gtk', 'gtk gtk', 'style updated', 'fri may']"
547085.0,"['especially bad', 'checkbox restart', 'attached screenshot', 'background color', 'general appearance']"
547090.0,"['workspace run', 'save actions', 'index size', 'actions workspace', 'size java']"
547131.0,"['bundle pool', 'documents dia', 'dia business', 'core bundle', 'illegal character']"
547202.0,"['successfully connects', 'works fine', 'actually connected', 'instance fine', 'present instance']"
547378.0,"['text reconcile', 'eclipse jface', 'eclipse core', 'eclipse jdt', 'core reconcile']"
547383.0,"['jobs worker', 'error log', 'following warnings', 'still present', 'log shows']"
547413.0,"['plugin works', 'works fine', 'done successfully', 'install new', 'anything new']"
547441.0,"['attachment stacks', 'quite annoying', 'created attachment', 'occasional ui', 'right click']"
547544.0,"['looks like', 'debug hover', 'org eclipse', 'current workspace', 'eclipse ui']"
548367.0,"['api tools', 'workspace api', 'arch error', 'osgi arch', 'eclipse update']"
548467.0,"['details error', 'generating details', 'mylyn hudson', 'commons identity', 'mylyn versions']"
548555.0,"['begin entry', 'entry org', 'stack java', 'cc stack', 'frequently produces']"
548605.0,"['scrolling vertically', 'vertically temporarily', 'hotspot bit', 'se runtime', 'temporarily fixes']"
548620.0,"['created attachment', 'cross compiler', 'gcc cross', 'egit git', 'components installed']"
548686.0,"['java version', 'version java', 'product keyring', 'event event', 'invoking code']"
548701.0,"['get past', 'eclipse jdt', 'eclipse text', 'create aforementioned', 'seems abandoned']"
548786.0,"['long names', 'window long', 'oracle jdk', 'editor window', 'text editor']"
549188.0,"['java module', 'lang thread', 'reliably reproducible', 'created attachment', 'compiler error']"
549227.0,"['deafult decompiler', 'severity error', 'decompiler editor', 'initialized severity', 'decompiler util']"
549268.0,"['mon jul', 'editor init', 'exception stack', 'java vendor', 'java version']"
550146.0,"['io io', 'double click', 'java io', 'lib repository', 'navigator extensions']"
550163.0,"['undesired behavior', 'path location', 'think something', 'resource path', 'always free']"
550210.0,"['jobs worker', 'internal jobs', 'eclipse jgit', 'lang nullpointerexception', 'jgit version']"
550429.0,"['workbench swt', 'swt display', 'task focused', 'swt widgets', 'eclipse task']"
550440.0,"['new part', 'working without', 'still working', 'without issues', 'renders eclipse']"
550794.0,"['product version', 'version build', 'override public', 'contains one', 'java version']"
550801.0,"['lookup compilation', 'html compilation', 'compilation failure', 'failure compilation', 'execute goal']"
551152.0,"['lang throwable', 'sun nio', 'java working', 'working sets', 'constantly ui']"
551411.0,"['code however', 'gui affecting', 'logging system', 'practice since', 'variable data']"
551478.0,"['versioned history', 'ui severity', 'internal ui', 'eclipse ui', 'dom block']"
551546.0,"['tests pom', 'resolve dependencies', 'resolution troubleshooting', 'requires org', 'maven using']"
551610.0,"['stopping indexer', 'internal core', 'reproducible code', 'using master', 'core dom']"
551654.0,"['core databinding', 'widgets display', 'eclipse committers', 'pom editor', 'provisional style']"
551677.0,"['r prio', 'bytes allocated', 'state r', 'ui texteditor', 'widgets control']"
551774.0,"['core runtime', 'eclipse core', 'mode select', 'lang reflect', 'fully provisioned']"
551911.0,"['already tried', 'remained attached', 'problem remained', 'eclipse console', 'following problem']"
552084.0,"['server release', 'id action', 'version org', 'versions linux', 'action diff']"
552187.0,"['labels displayed', 'save close', 'sample model', 'summer emf', 'content tree']"
552250.0,"['ui bundles', 'activator java', 'java error', 'workbench java', 'bundles org']"
552316.0,"['views including', 'name linux', 'os name', 'existing expression', 'press tab']"
552477.0,"['eclipse jface', 'eclipse swt', 'string char', 'jface operation', 'upon save']"
552500.0,"['smart enough', 'mail address', 'surely affects', 'eclipse committers', 'settings page']"
552536.0,"['run maven', 'resolution troubleshooting', 'please read', 'jdt pom', 'pom xml']"
552563.0,"['thread stack', 'application workbench', 'equinox launcher', 'workbench swt', 'method invoke']"
552757.0,"['stand alone', 'zip incomplete', 'call hierarchy', 'always disappeared', 'problem always']"
552950.0,"['link link', 'link settext', 'settext link', 'jdt internal', 'patch c']"
552973.0,"['full log', 'created attachment', 'e adding', 'adding vmargs', 'initialized caused']"
558342.0,"['jface text', 'entry java', 'text source', 'equinox launcher', 'monitor entry']"
558413.0,"['osgi services', 'core combines', 'eclipse mylyn', 'marketplace contributes', 'ms delay']"
558447.0,"['compatibility compatibility', 'swt widgets', 'new exceptions', 'property tester', 'util lambda']"
558725.0,"['startup start', 'prio tid', 'tips prio', 'tips startup', 'tips ide']"
558782.0,"['time one', 'one apply', 'numbers remains', 'openjdk version', 'version openjdk']"
558871.0,"['java problem', 'java org', 'line java', 'location type', 'error description']"
559038.0,"['trace entry', 'java lang', 'lookup scope', 'different bug', 'eclipse jdt']"
559129.0,"['ui workbench', 'org swt', 'internal workbench', 'workbench swt', 'ui internal']"
559132.0,"['java vendor', 'workspace scope', 'corporation bootloader', 'scope checkbox', 'id java']"
559240.0,"['lang classloader', 'main note', 'runner main', 'actually class', 'sun misc']"
559404.0,"['ide application', 'application ide', 'cocoa os', 'widgets widget', 'widgets canvas']"
559542.0,"['presentation presentation', 'source source', 'text presentation', 'source projection', 'prio cpu']"
559553.0,"['ui workbench', 'en us', 'workbench error', 'nl en', 'eclipse ui']"
559626.0,"['equinox internal', 'freeze monitor', 'internal gtk', 'ui internal', 'eclipse equinox']"
559849.0,"['internal compiler', 'compiler process', 'exception index', 'compiler compiler', 'main java']"
559900.0,"['core contexts', 'editor window', 'source source', 'lang integer', 'window shows']"
559922.0,"['project selection', 'org connectors', 'connectors plexus', 'selection page', 'setup file']"
560396.0,"['org eclipse', 'widgets display', 'eclipse swt', 'core dom', 'eclipse wst']"
560417.0,"['runtime adaptor', 'core runtime', 'runtime internal', 'main invoke', 'method invoke']"
560791.0,"['lang nullpointerexception', 'compiler lookup', 'org eclipse', 'class x', 'eclipse jdt']"
560796.0,"['using build', 'id create', 'jface commands', 'build id', 'jdt internal']"
560809.0,"['patterns large', 'large java', 'large file', 'test system', 'preferences current']"
560811.0,"['records public', 'offset length', 'class c', 'public class', 'internal ui']"
560836.0,"['eclipse jdt', 'jdt ui', 'model rename', 'workspace run', 'jdt core']"
561427.0,"['bug report', 'smaller scale', 'panel mentioned', 'development situation', 'minute intervals']"
561602.0,"['eclipse ui', 'framework equinox', 'internal framework', 'eclipse gives', 'app eclipse']"
561755.0,"['created attachment', 'completed ok', 'cucumber runner', 'executing runner', 'section please']"
561837.0,"['grid grid', 'widgets display', 'wb core', 'core tools', 'command execute']"
561847.0,"['different key', 'open type', 'type open', 'type action', 'window system']"
562216.0,"['developers version', 'lambda run', 'large project', 'eclipse version', 'version build']"
562258.0,"['commented days', 'would like', 'demo picture', 'process demo', 'like idea']"
562425.0,"['git repositories', 'workbench swt', 'repository repositories', 'repositories view', 'swt widgets']"
562435.0,"['index index', 'core index', 'eclipse core', 'ui editor', 'eclipse php']"
562437.0,"['u apr', 'u please', 'plugin org', 'ui progress', 'progress ui']"
562485.0,"['progress progress', 'jface dialogs', 'jface commands', 'dialogs progress', 'jdt ui']"
562561.0,"['packages types', 'projects packages', 'browsing packages', 'swt part', 'tabs project']"
562682.0,"['end success', 'framework testsuite', 'framework testcase', 'junit framework', 'java end']"
562812.0,"['reach particular', 'core runtime', 'nice step', 'eclipse core', 'particular state']"
562952.0,"['gain access', 'eclipse creates', 'object creation', 'takes place', 'bug cgi']"
563000.0,"['action statusline', 'worker run', 'statusline subtask', 'used standard', 'jobs worker']"
563302.0,"['nls nls', 'git blame', 'nls translation', 'loading translation', 'blame blame']"
563303.0,"['search matching', 'java lang', 'method may', 'without checking', 'internal core']"
563392.0,"['exception org', 'follwoing exception', 'equinox internal', 'runtime internal', 'internal app']"
563413.0,"['ide application', 'widget error', 'runtime adaptor', 'widgets widget', 'core runtime']"
563441.0,"['error popup', 'internal error', 'springframework boot', 'error log', 'org springframework']"
563474.0,"['databinding observable', 'observable realm', 'reflect method', 'swt widgets', 'lang reflect']"
563502.0,"['bundle get', 'follows dependency', 'bundle failed', 'jgit internal', 'internal jgit']"
563599.0,"['ui contexts', 'contexts window', 'ui internal', 'ui navigate', 'java editor']"
563750.0,"['swt swt', 'renderers swt', 'swt error', 'initially hidden', 'swt widgets']"
563994.0,"['eclipse core', 'core contexts', 'app eclipse', 'core di', 'core commands']"
564552.0,"['would decrease', 'currently jface', 'decrease immensely', 'children sizes', 'jface would']"
564605.0,"['javax xml', 'exception stack', 'error javax', 'stack trace', 'builder validation']"
564651.0,"['gdb debugger', 'c gdb', 'simplest fix', 'file home', 'gtk cdt']"
564856.0,"['internal adaptor', 'adaptor eclipse', 'runtime adaptor', 'ui internal', 'internal ui']"
564867.0,"['lang reflect', 'trace entry', 'workbench lambda', 'java lang', 'stack trace']"
564912.0,"['eclipse ui', 'error occurs', 'error consistently', 'finished installing', 'described error']"
565351.0,"['location home', 'frame c', 'true ea', 'clean true', 'snapshot failure']"
565458.0,"['enable preview', 'preview features', 'core dom', 'eclipse jdt', 'org eclipse']"
565973.0,"['edit files', 'looses things', 'utterly frustrating', 'get modal', 'administrative work']"
566143.0,"['entry org', 'org eclipse', 'class org', 'add import', 'auto add']"
566153.0,"['package rcp', 'tue aug', 'cocoa arch', 'keyring users', 'rcp product']"
566241.0,"['framework testsuite', 'delete c', 'internal runners', 'java base', 'base java']"
566687.0,"['opened models', 'src org', 'models loaded', 'instance models', 'consequently models']"
566688.0,"['solutions stop', 'stop caching', 'still referenced', 'tree editor', 'editor contributing']"
566941.0,"['refactoring refactoring', 'observable realm', 'ui refactoring', 'databinding observable', 'workbench swt']"
567114.0,"['source correctly', 'correctly included', 'resolve things', 'source bundles', 'included even']"
567182.0,"['plugins org', 'org eclipse', 'copy java', 'bundle org', 'runtime environment']"
567204.0,"['process monitor', 'window preferences', 'sysinternals process', 'opening window', 'preferences java']"
567316.0,"['window system', 'contexts window', 'startups message', 'open type', 'type open']"
567430.0,"['swt widgets', 'eclipse swt', 'renderers swt', 'osgi framework', 'workbench swt']"
567498.0,"['window window', 'jdt ui', 'session data', 'click ok', 'ok error']"
567511.0,"['string intern', 'show string', 'resources resource', 'internal resources', 'eclipse jdt']"
567583.0,"['offset count', 'filter filter', 'compiler parser', 'filter null', 'internal compiler']"
567613.0,"['new instance', 'launch configuration', 'eclipse toolbar', 'toolbar buttons', 'launch product']"
567686.0,"['program files', 'building javax', 'jdk jdk', 'reach outside', 'c program']"
567795.0,"['diagnose diagnose', 'parser diagnose', 'shows eclipse', 'mon oct', 'ast method']"
567914.0,"['maven cleaning', 'updating maven', 'maven project', 'class hi', 'things notably']"
567947.0,"['complete mess', 'ide restart', 'native launcher', 'compatible eclipse', 'post update']"
567967.0,"['ws nl', 'eclipse ws', 'os ws', 'arch ws', 'ws arch']"
568127.0,"['compatibility compatibility', 'java lang', 'tabbed tabbed', 'internal compatibility', 'util uri']"
568140.0,"['internal ui', 'core dom', 'core internal', 'core runtime', 'diagnose diagnose']"
568178.0,"['eclipse core', 'jdt core', 'build errors', 'core internal', 'stack java']"
568335.0,"['details org', 'trace org', 'plugin org', 'stack trace', 'widget send']"
568388.0,"['loglevel verbose', 'log loglevel', 'eclipse data', 'value without', 'pde scripts']"
568669.0,"['discussion net', 'javax net', 'net ssl', 'user products', 'setup build']"
568724.0,"['broken editor', 'parser parser', 'parser diagnose', 'diagnose diagnose', 'internal core']"
568750.0,"['console view', 'ui internal', 'internal workbench', 'jface text', 'invoke org']"
568804.0,"['log file', 'attached log', 'attachment log', 'weirdly enough', 'red bar']"
568806.0,"['internal compiler', 'compiler parser', 'compiler ast', 'installation afaik', 'jdt internal']"
568927.0,"['line arguments', 'specific contexts', 'ws gtk', 'build id', 'true null']"
569164.0,"['mac os', 'installed features', 'ide installed', 'product eclipse', 'debug mode']"
569298.0,"['java lang', 'two problems', 'lang nullpointerexception', 'util stream', 'return value']"
570395.0,"['jvm thread', 'older versions', 'developers version', 'thread dump', 'showing hierarchy']"
570426.0,"['eclipse core', 'adaptor eclipse', 'eclipse swt', 'app eclipse', 'work data']"
570515.0,"['c temp', 'profile c', 'target c', 'compiler util', 'jdt compiler']"
570516.0,"['modular target', 'source modular', 'target profile', 'profile c', 'java nio']"
570777.0,"['core manipulation', 'manipulation core', 'jdt core', 'ui save', 'object wait']"
571020.0,"['tree items', 'hoping someone', 'swt tree', 'tree seem', 'get routinely']"
571138.0,"['staging staging', 'equinox launcher', 'internal staging', 'equinox internal', 'method invoke']"
571144.0,"['lang interrupted', 'java base', 'base java', 'java util', 'util concurrent']"
571286.0,"['protocol family', 'address family', 'xml java', 'client execute', 'performing director']"
571506.0,"['dialogs progress', 'internal utilities', 'ui progress', 'progress ui', 'swt custom']"
571597.0,"['actions save', 'gets asked', 'overwrite query', 'flag appears', 'much doubt']"
571991.0,"['osgi tests', 'osgi internal', 'eclipse osgi', 'global policy', 'using global']"
572698.0,"['base jdk', 'util iterator', 'util stream', 'java base', 'base java']"
572936.0,"['observable realm', 'eclipse debug', 'java version', 'version java', 'org eclipse']"
572981.0,"['also compiles', 'source feature', 'feature group', 'error shown', 'completion also']"
572998.0,"['swt swt', 'execute runnable', 'system information', 'information java', 'eclipse swt']"
573038.0,"['never faced', 'start eclipse', 'graphics card', 'frame drop', 'gb ram']"
573091.0,"['log shows', 'transport transport', 'internal components', 'error log', 'worker run']"
573217.0,"['widgets event', 'unhandled event', 'runtime internal', 'internal app', 'event loop']"
573576.0,"['lang error', 'java lang', 'realm run', 'observable realm', 'workbench lambda']"
573837.0,"['arguments product', 'message unhandled', 'jface dialogs', 'widgets event', 'command line']"
574145.0,"['test eclipse', 'eclipse ant', 'ant eclipse', 'jarsigner returned', 'ant internal']"
574315.0,"['main methods', 'compiler ast', 'private github', 'constantly getting', 'last case']"
574468.0,"['clean build', 'forced clean', 'information already', 'anymore anyhow', 'tools java']"
574501.0,"['ui ui', 'version ea', 'ui texteditor', 'realm run', 'ea java']"
574714.0,"['bad major', 'unit test', 'error bad', 'lang classloader', 'java lang']"
574800.0,"['methods calling', 'save changes', 'internal texteditor', 'ui internal', 'line save']"
575374.0,"['pde extras', 'get rid', 'work like', 'got merged', 'pde working']"
575420.0,"['created image', 'editor preferences', 'image new', 'new image', 'graphics image']"
575464.0,"['usually created', 'e g', 'somewhat normal', 'future release', 'resolution support']"
575472.0,"['webbrowser evaluate', 'browser evaluate', 'webkit evaluate', 'completed note', 'browser webbrowser']"
575532.0,"['apps demos', 'command line', 'foundation bootloader', 'data c', 'product data']"
575865.0,"['country us', 'us java', 'actions workspace', 'eclipse eclipse', 'environment line']"
576050.0,"['extension factory', 'path separator', 'opens java', 'file separator', 'separator file']"
576061.0,"['lines install', 'eclipse lines', 'installation plugin', 'launcher added', 'install launcher']"
576089.0,"['lang nullpointerexception', 'field id', 'eclipse jdt', 'read field', 'compiler ast']"
576267.0,"['hover stack', 'hover internal', 'text hover', 'ast switch', 'java hover']"
576269.0,"['vendor oracle', 'oracle corporation', 'internal compiler', 'compiler ast', 'compiler flow']"
576832.0,"['target definition', 'suite commons', 'jdt feature', 'satisfy dependency', 'resolve target']"
576915.0,"['commands command', 'core commands', 'compare compare', 'commands internal', 'client project']"
577100.0,"['shortest row', 'row line', 'tried downloading', 'file represented', 'sample file']"
577504.0,"['info mixed', 'bin java', 'openjdk bit', 'gtk arch', 'mixed mode']"
577551.0,"['new issue', 'id modeling', 'z archived', 'classification eclipse', 'searching gitlab']"
577562.0,"['go searching', 'go back', 'class top', 'workers also', 'super class']"
577701.0,"['xml feature', 'product org', 'eclipse products', 'eclipse tm', 'eclipse feature']"
577737.0,"['bug introduced', 'editor enter', 'org eclipse', 'text editor', 'short line']"
577886.0,"['tab click', 'welcome tab', 'error occurs', 'compiler error', 'compiler compiler']"
577944.0,"['core runtime', 'runtime adaptor', 'runtime internal', 'eclipse core', 'core databinding']"
521425.0,"['internal ui', 'ui internal', 'ui texteditor', 'earlier versions', 'rendered unusable']"
536561.0,"['widgets display', 'exception java', 'exception stack', 'commands command', 'internal app']"
537545.0,"['jdt versioning', 'versioning plugin', 'ide installed', 'finally clause', 'eclipse jdt']"
539111.0,"['en us', 'egit r', 'data eclipse', 'exception stack', 'product exception']"
541149.0,"['pde ui', 'ui pde', 'ui editor', 'ui thread', 'ui load']"
569015.0,"['return always', 'installed features', 'details product', 'ide installed', 'configuration details']"
571257.0,"['workbench lambda', 'jsp file', 'opened windows', 'workbench swt', 'widgets display']"
577030.0,"['compliance level', 'eclipse everything', 'everything works', 'attached image', 'see attached']"
522046.0,"['ui startup', 'startup startup', 'early startup', 'ui message', 'ui internal']"
515495.0,"['updating maven', 'installed features', 'runtime path', 'import maven', 'details product']"
516405.0,"['internal workbench', 'eclipse jface', 'reaction search', 'unhandled event', 'php perspective']"
518531.0,"['tree thanks', 'current project', 'thanks configuration', 'least sorted', 'installed features']"
521076.0,"['editors text', 'reflect method', 'eclipse wst', 'lang nullpointerexception', 'nullpointerexception try']"
529944.0,"['jdt versioning', 'scope test', 'versioning plugin', 'configuration details', 'test configuration']"
530573.0,"['jdt versioning', 'eclipse jdt', 'versioning plugin', 'eclipse platform', 'configured column']"
533139.0,"['enforce start', 'ui internal', 'ui services', 'swt created', 'often facing']"
534648.0,"['plug ins', 'take precedence', 'modern java', 'assist plug', 'content assist']"
535607.0,"['spring eclipse', 'eclipse platform']"
536210.0,"['configuration details', 'details product', 'jar files', 'open type', 'screenshot attached']"
536275.0,"['stack overflow', 'view updates', 'technical part', 'input java', 'history view']"
536534.0,"['databinding observable', 'widgets widget', 'ide application', 'workbench renderers', 'widgets event']"
536940.0,"['several editors', 'editors based', 'fast enough', 'think jdt', 'freezes ui']"
537659.0,"['contain e', 'configuration details', 'allowed characters', 'standard new', 'characters insert']"
538019.0,"['core service', 'core util', 'install remote', 'service remote', 'epp core']"
543120.0,"['mylyn bundle', 'tasks bugs', 'explicit bundle', 'mylyn tasks', 'install mylyn']"
543233.0,"['core dom', 'swt custom', 'eclipse viewers', 'text position', 'eclipse wst']"
544961.0,"['code revealed', 'navigation go', 'makes sense', 'implementation could', 'source code']"
548563.0,"['eclipse jdt', 'eclipse platform', 'product eclipse', 'structure according', 'eclipse community']"
550173.0,"['root pom', 'already several', 'pom file', 'several thing', 'root folder']"
559836.0,"['manifest mf', 'nested projects', 'corresponding manifest', 'fix find', 'use nested']"
569402.0,"['reactive like', 'interface would', 'another process', 'finding declarations', 'also finding']"
548222.0,"['eclipse core', 'org eclipse', 'core runtime', 'configuration area', 'launcher main']"
527632.0,"['get hundreds', 'web part', 'way around', 'error neither', 'get compiled']"
511734.0,"['automated error', 'friendly error', 'emf ecore', 'method invoke', 'execute bundles']"
